axis,fn,fnr,fp,fpr,n,negative,positive,seed,split,study,value
all,103,0.3198757763975155,133,0.321256038647343,736,414,322,42,test,phobert-base/phobert-caption,all
combo,0,,117,0.30952380952380953,378,378,0,42,test,phobert-base/phobert-caption,000
ocr,78,0.3627906976744186,94,0.34686346863468637,486,271,215,42,test,phobert-base/phobert-caption,True
source,21,0.10880829015544041,72,0.7346938775510204,291,98,193,42,test,phobert-base/phobert-caption,facebook
combo,37,0.43023255813953487,0,,86,0,86,42,test,phobert-base/phobert-caption,101
ocr,25,0.2336448598130841,39,0.2727272727272727,250,143,107,42,test,phobert-base/phobert-caption,False
source,82,0.6356589147286822,61,0.1930379746835443,445,316,129,42,test,phobert-base/phobert-caption,threads
combo,9,0.14285714285714285,0,,63,0,63,42,test,phobert-base/phobert-caption,011
combo,8,0.6153846153846154,0,,13,0,13,42,test,phobert-base/phobert-caption,111
combo,49,0.30625,0,,160,0,160,42,test,phobert-base/phobert-caption,001
combo,0,,6,0.6,10,10,0,42,test,phobert-base/phobert-caption,010
combo,0,,10,0.38461538461538464,26,26,0,42,test,phobert-base/phobert-caption,100
all,106,0.32919254658385094,129,0.3115942028985507,736,414,322,123,test,phobert-base/phobert-caption,all
combo,0,,114,0.30158730158730157,378,378,0,123,test,phobert-base/phobert-caption,000
ocr,80,0.37209302325581395,95,0.3505535055350554,486,271,215,123,test,phobert-base/phobert-caption,True
source,26,0.13471502590673576,67,0.6836734693877551,291,98,193,123,test,phobert-base/phobert-caption,facebook
combo,39,0.45348837209302323,0,,86,0,86,123,test,phobert-base/phobert-caption,101
ocr,26,0.24299065420560748,34,0.23776223776223776,250,143,107,123,test,phobert-base/phobert-caption,False
source,80,0.6201550387596899,62,0.1962025316455696,445,316,129,123,test,phobert-base/phobert-caption,threads
combo,12,0.19047619047619047,0,,63,0,63,123,test,phobert-base/phobert-caption,011
combo,8,0.6153846153846154,0,,13,0,13,123,test,phobert-base/phobert-caption,111
combo,47,0.29375,0,,160,0,160,123,test,phobert-base/phobert-caption,001
combo,0,,6,0.6,10,10,0,123,test,phobert-base/phobert-caption,010
combo,0,,9,0.34615384615384615,26,26,0,123,test,phobert-base/phobert-caption,100
all,87,0.2701863354037267,140,0.33816425120772947,736,414,322,2026,test,phobert-base/phobert-caption,all
combo,0,,124,0.328042328042328,378,378,0,2026,test,phobert-base/phobert-caption,000
ocr,68,0.31627906976744186,96,0.35424354243542433,486,271,215,2026,test,phobert-base/phobert-caption,True
source,21,0.10880829015544041,67,0.6836734693877551,291,98,193,2026,test,phobert-base/phobert-caption,facebook
combo,24,0.27906976744186046,0,,86,0,86,2026,test,phobert-base/phobert-caption,101
ocr,19,0.17757009345794392,44,0.3076923076923077,250,143,107,2026,test,phobert-base/phobert-caption,False
source,66,0.5116279069767442,73,0.2310126582278481,445,316,129,2026,test,phobert-base/phobert-caption,threads
combo,14,0.2222222222222222,0,,63,0,63,2026,test,phobert-base/phobert-caption,011
combo,7,0.5384615384615384,0,,13,0,13,2026,test,phobert-base/phobert-caption,111
combo,42,0.2625,0,,160,0,160,2026,test,phobert-base/phobert-caption,001
combo,0,,4,0.4,10,10,0,2026,test,phobert-base/phobert-caption,010
combo,0,,12,0.46153846153846156,26,26,0,2026,test,phobert-base/phobert-caption,100
all,182,0.5652173913043478,125,0.30193236714975846,736,414,322,42,test,phobert-base/phobert-ocr,all
combo,0,,104,0.2751322751322751,378,378,0,42,test,phobert-base/phobert-ocr,000
ocr,75,0.3488372093023256,125,0.4612546125461255,486,271,215,42,test,phobert-base/phobert-ocr,True
source,104,0.538860103626943,55,0.5612244897959183,291,98,193,42,test,phobert-base/phobert-ocr,facebook
combo,54,0.627906976744186,0,,86,0,86,42,test,phobert-base/phobert-ocr,101
ocr,107,1.0,0,0.0,250,143,107,42,test,phobert-base/phobert-ocr,False
source,78,0.6046511627906976,70,0.22151898734177214,445,316,129,42,test,phobert-base/phobert-ocr,threads
combo,10,0.15873015873015872,0,,63,0,63,42,test,phobert-base/phobert-ocr,011
combo,7,0.5384615384615384,0,,13,0,13,42,test,phobert-base/phobert-ocr,111
combo,111,0.69375,0,,160,0,160,42,test,phobert-base/phobert-ocr,001
combo,0,,10,1.0,10,10,0,42,test,phobert-base/phobert-ocr,010
combo,0,,11,0.4230769230769231,26,26,0,42,test,phobert-base/phobert-ocr,100
all,201,0.6242236024844721,100,0.24154589371980675,736,414,322,123,test,phobert-base/phobert-ocr,all
combo,0,,83,0.21957671957671956,378,378,0,123,test,phobert-base/phobert-ocr,000
ocr,94,0.4372093023255814,100,0.36900369003690037,486,271,215,123,test,phobert-base/phobert-ocr,True
source,110,0.5699481865284974,49,0.5,291,98,193,123,test,phobert-base/phobert-ocr,facebook
combo,62,0.7209302325581395,0,,86,0,86,123,test,phobert-base/phobert-ocr,101
ocr,107,1.0,0,0.0,250,143,107,123,test,phobert-base/phobert-ocr,False
source,91,0.7054263565891473,51,0.16139240506329114,445,316,129,123,test,phobert-base/phobert-ocr,threads
combo,11,0.1746031746031746,0,,63,0,63,123,test,phobert-base/phobert-ocr,011
combo,8,0.6153846153846154,0,,13,0,13,123,test,phobert-base/phobert-ocr,111
combo,120,0.75,0,,160,0,160,123,test,phobert-base/phobert-ocr,001
combo,0,,10,1.0,10,10,0,123,test,phobert-base/phobert-ocr,010
combo,0,,7,0.2692307692307692,26,26,0,123,test,phobert-base/phobert-ocr,100
all,189,0.5869565217391305,110,0.26570048309178745,736,414,322,2026,test,phobert-base/phobert-ocr,all
combo,0,,90,0.23809523809523808,378,378,0,2026,test,phobert-base/phobert-ocr,000
ocr,82,0.3813953488372093,110,0.4059040590405904,486,271,215,2026,test,phobert-base/phobert-ocr,True
source,105,0.5440414507772021,55,0.5612244897959183,291,98,193,2026,test,phobert-base/phobert-ocr,facebook
combo,60,0.6976744186046512,0,,86,0,86,2026,test,phobert-base/phobert-ocr,101
ocr,107,1.0,0,0.0,250,143,107,2026,test,phobert-base/phobert-ocr,False
source,84,0.6511627906976745,55,0.17405063291139242,445,316,129,2026,test,phobert-base/phobert-ocr,threads
combo,7,0.1111111111111111,0,,63,0,63,2026,test,phobert-base/phobert-ocr,011
combo,8,0.6153846153846154,0,,13,0,13,2026,test,phobert-base/phobert-ocr,111
combo,114,0.7125,0,,160,0,160,2026,test,phobert-base/phobert-ocr,001
combo,0,,10,1.0,10,10,0,2026,test,phobert-base/phobert-ocr,010
combo,0,,10,0.38461538461538464,26,26,0,2026,test,phobert-base/phobert-ocr,100
all,80,0.2484472049689441,150,0.36231884057971014,736,414,322,42,test,phobert-base/phobert-caption-ocr,all
combo,0,,131,0.34656084656084657,378,378,0,42,test,phobert-base/phobert-caption-ocr,000
ocr,47,0.2186046511627907,124,0.4575645756457565,486,271,215,42,test,phobert-base/phobert-caption-ocr,True
source,19,0.09844559585492228,76,0.7755102040816326,291,98,193,42,test,phobert-base/phobert-caption-ocr,facebook
combo,27,0.313953488372093,0,,86,0,86,42,test,phobert-base/phobert-caption-ocr,101
ocr,33,0.308411214953271,26,0.18181818181818182,250,143,107,42,test,phobert-base/phobert-caption-ocr,False
source,61,0.4728682170542636,74,0.23417721518987342,445,316,129,42,test,phobert-base/phobert-caption-ocr,threads
combo,3,0.047619047619047616,0,,63,0,63,42,test,phobert-base/phobert-caption-ocr,011
combo,6,0.46153846153846156,0,,13,0,13,42,test,phobert-base/phobert-caption-ocr,111
combo,44,0.275,0,,160,0,160,42,test,phobert-base/phobert-caption-ocr,001
combo,0,,8,0.8,10,10,0,42,test,phobert-base/phobert-caption-ocr,010
combo,0,,11,0.4230769230769231,26,26,0,42,test,phobert-base/phobert-caption-ocr,100
all,89,0.27639751552795033,129,0.3115942028985507,736,414,322,123,test,phobert-base/phobert-caption-ocr,all
combo,0,,112,0.2962962962962963,378,378,0,123,test,phobert-base/phobert-caption-ocr,000
ocr,52,0.24186046511627907,107,0.3948339483394834,486,271,215,123,test,phobert-base/phobert-caption-ocr,True
source,25,0.12953367875647667,72,0.7346938775510204,291,98,193,123,test,phobert-base/phobert-caption-ocr,facebook
combo,33,0.38372093023255816,0,,86,0,86,123,test,phobert-base/phobert-caption-ocr,101
ocr,37,0.34579439252336447,22,0.15384615384615385,250,143,107,123,test,phobert-base/phobert-caption-ocr,False
source,64,0.49612403100775193,57,0.18037974683544303,445,316,129,123,test,phobert-base/phobert-caption-ocr,threads
combo,3,0.047619047619047616,0,,63,0,63,123,test,phobert-base/phobert-caption-ocr,011
combo,5,0.38461538461538464,0,,13,0,13,123,test,phobert-base/phobert-caption-ocr,111
combo,48,0.3,0,,160,0,160,123,test,phobert-base/phobert-caption-ocr,001
combo,0,,6,0.6,10,10,0,123,test,phobert-base/phobert-caption-ocr,010
combo,0,,11,0.4230769230769231,26,26,0,123,test,phobert-base/phobert-caption-ocr,100
all,114,0.35403726708074534,93,0.2246376811594203,736,414,322,2026,test,phobert-base/phobert-caption-ocr,all
combo,0,,81,0.21428571428571427,378,378,0,2026,test,phobert-base/phobert-caption-ocr,000
ocr,80,0.37209302325581395,74,0.2730627306273063,486,271,215,2026,test,phobert-base/phobert-caption-ocr,True
source,39,0.20207253886010362,52,0.5306122448979592,291,98,193,2026,test,phobert-base/phobert-caption-ocr,facebook
combo,39,0.45348837209302323,0,,86,0,86,2026,test,phobert-base/phobert-caption-ocr,101
ocr,34,0.3177570093457944,19,0.13286713286713286,250,143,107,2026,test,phobert-base/phobert-caption-ocr,False
source,75,0.5813953488372093,41,0.12974683544303797,445,316,129,2026,test,phobert-base/phobert-caption-ocr,threads
combo,8,0.12698412698412698,0,,63,0,63,2026,test,phobert-base/phobert-caption-ocr,011
combo,7,0.5384615384615384,0,,13,0,13,2026,test,phobert-base/phobert-caption-ocr,111
combo,60,0.375,0,,160,0,160,2026,test,phobert-base/phobert-caption-ocr,001
combo,0,,3,0.3,10,10,0,2026,test,phobert-base/phobert-caption-ocr,010
combo,0,,9,0.34615384615384615,26,26,0,2026,test,phobert-base/phobert-caption-ocr,100
all,96,0.2981366459627329,145,0.3502415458937198,736,414,322,42,test,dt4mid/dt4mid-caption,all
combo,0,,126,0.3333333333333333,378,378,0,42,test,dt4mid/dt4mid-caption,000
ocr,56,0.26046511627906976,114,0.42066420664206644,486,271,215,42,test,dt4mid/dt4mid-caption,True
source,19,0.09844559585492228,77,0.7857142857142857,291,98,193,42,test,dt4mid/dt4mid-caption,facebook
combo,34,0.3953488372093023,0,,86,0,86,42,test,dt4mid/dt4mid-caption,101
ocr,40,0.37383177570093457,31,0.21678321678321677,250,143,107,42,test,dt4mid/dt4mid-caption,False
source,77,0.5968992248062015,68,0.21518987341772153,445,316,129,42,test,dt4mid/dt4mid-caption,threads
combo,7,0.1111111111111111,0,,63,0,63,42,test,dt4mid/dt4mid-caption,011
combo,7,0.5384615384615384,0,,13,0,13,42,test,dt4mid/dt4mid-caption,111
combo,48,0.3,0,,160,0,160,42,test,dt4mid/dt4mid-caption,001
combo,0,,7,0.7,10,10,0,42,test,dt4mid/dt4mid-caption,010
combo,0,,12,0.46153846153846156,26,26,0,42,test,dt4mid/dt4mid-caption,100
all,154,0.4782608695652174,85,0.20531400966183574,736,414,322,123,test,dt4mid/dt4mid-caption,all
combo,0,,74,0.19576719576719576,378,378,0,123,test,dt4mid/dt4mid-caption,000
ocr,110,0.5116279069767442,62,0.22878228782287824,486,271,215,123,test,dt4mid/dt4mid-caption,True
source,50,0.25906735751295334,56,0.5714285714285714,291,98,193,123,test,dt4mid/dt4mid-caption,facebook
combo,52,0.6046511627906976,0,,86,0,86,123,test,dt4mid/dt4mid-caption,101
ocr,44,0.411214953271028,23,0.16083916083916083,250,143,107,123,test,dt4mid/dt4mid-caption,False
source,104,0.8062015503875969,29,0.09177215189873418,445,316,129,123,test,dt4mid/dt4mid-caption,threads
combo,16,0.25396825396825395,0,,63,0,63,123,test,dt4mid/dt4mid-caption,011
combo,7,0.5384615384615384,0,,13,0,13,123,test,dt4mid/dt4mid-caption,111
combo,79,0.49375,0,,160,0,160,123,test,dt4mid/dt4mid-caption,001
combo,0,,5,0.5,10,10,0,123,test,dt4mid/dt4mid-caption,010
combo,0,,6,0.23076923076923078,26,26,0,123,test,dt4mid/dt4mid-caption,100
all,119,0.3695652173913043,107,0.2584541062801932,736,414,322,2026,test,dt4mid/dt4mid-caption,all
combo,0,,94,0.24867724867724866,378,378,0,2026,test,dt4mid/dt4mid-caption,000
ocr,78,0.3627906976744186,84,0.30996309963099633,486,271,215,2026,test,dt4mid/dt4mid-caption,True
source,26,0.13471502590673576,69,0.7040816326530612,291,98,193,2026,test,dt4mid/dt4mid-caption,facebook
combo,43,0.5,0,,86,0,86,2026,test,dt4mid/dt4mid-caption,101
ocr,41,0.38317757009345793,23,0.16083916083916083,250,143,107,2026,test,dt4mid/dt4mid-caption,False
source,93,0.7209302325581395,38,0.12025316455696203,445,316,129,2026,test,dt4mid/dt4mid-caption,threads
combo,9,0.14285714285714285,0,,63,0,63,2026,test,dt4mid/dt4mid-caption,011
combo,6,0.46153846153846156,0,,13,0,13,2026,test,dt4mid/dt4mid-caption,111
combo,61,0.38125,0,,160,0,160,2026,test,dt4mid/dt4mid-caption,001
combo,0,,7,0.7,10,10,0,2026,test,dt4mid/dt4mid-caption,010
combo,0,,6,0.23076923076923078,26,26,0,2026,test,dt4mid/dt4mid-caption,100
all,84,0.2608695652173913,161,0.3888888888888889,736,414,322,42,test,dt4mid/dt4mid-caption-ocr,all
combo,0,,135,0.35714285714285715,378,378,0,42,test,dt4mid/dt4mid-caption-ocr,000
ocr,54,0.25116279069767444,128,0.47232472324723246,486,271,215,42,test,dt4mid/dt4mid-caption-ocr,True
source,12,0.06217616580310881,74,0.7551020408163265,291,98,193,42,test,dt4mid/dt4mid-caption-ocr,facebook
combo,31,0.36046511627906974,0,,86,0,86,42,test,dt4mid/dt4mid-caption-ocr,101
ocr,30,0.2803738317757009,33,0.23076923076923078,250,143,107,42,test,dt4mid/dt4mid-caption-ocr,False
source,72,0.5581395348837209,87,0.27531645569620256,445,316,129,42,test,dt4mid/dt4mid-caption-ocr,threads
combo,4,0.06349206349206349,0,,63,0,63,42,test,dt4mid/dt4mid-caption-ocr,011
combo,4,0.3076923076923077,0,,13,0,13,42,test,dt4mid/dt4mid-caption-ocr,111
combo,45,0.28125,0,,160,0,160,42,test,dt4mid/dt4mid-caption-ocr,001
combo,0,,9,0.9,10,10,0,42,test,dt4mid/dt4mid-caption-ocr,010
combo,0,,17,0.6538461538461539,26,26,0,42,test,dt4mid/dt4mid-caption-ocr,100
all,115,0.35714285714285715,116,0.28019323671497587,736,414,322,123,test,dt4mid/dt4mid-caption-ocr,all
combo,0,,98,0.25925925925925924,378,378,0,123,test,dt4mid/dt4mid-caption-ocr,000
ocr,77,0.3581395348837209,86,0.3173431734317343,486,271,215,123,test,dt4mid/dt4mid-caption-ocr,True
source,45,0.23316062176165803,54,0.5510204081632653,291,98,193,123,test,dt4mid/dt4mid-caption-ocr,facebook
combo,34,0.3953488372093023,0,,86,0,86,123,test,dt4mid/dt4mid-caption-ocr,101
ocr,38,0.35514018691588783,30,0.2097902097902098,250,143,107,123,test,dt4mid/dt4mid-caption-ocr,False
source,70,0.5426356589147286,62,0.1962025316455696,445,316,129,123,test,dt4mid/dt4mid-caption-ocr,threads
combo,12,0.19047619047619047,0,,63,0,63,123,test,dt4mid/dt4mid-caption-ocr,011
combo,6,0.46153846153846156,0,,13,0,13,123,test,dt4mid/dt4mid-caption-ocr,111
combo,63,0.39375,0,,160,0,160,123,test,dt4mid/dt4mid-caption-ocr,001
combo,0,,5,0.5,10,10,0,123,test,dt4mid/dt4mid-caption-ocr,010
combo,0,,13,0.5,26,26,0,123,test,dt4mid/dt4mid-caption-ocr,100
all,102,0.3167701863354037,142,0.34299516908212563,736,414,322,2026,test,dt4mid/dt4mid-caption-ocr,all
combo,0,,121,0.3201058201058201,378,378,0,2026,test,dt4mid/dt4mid-caption-ocr,000
ocr,63,0.2930232558139535,119,0.43911439114391143,486,271,215,2026,test,dt4mid/dt4mid-caption-ocr,True
source,31,0.16062176165803108,72,0.7346938775510204,291,98,193,2026,test,dt4mid/dt4mid-caption-ocr,facebook
combo,35,0.4069767441860465,0,,86,0,86,2026,test,dt4mid/dt4mid-caption-ocr,101
ocr,39,0.3644859813084112,23,0.16083916083916083,250,143,107,2026,test,dt4mid/dt4mid-caption-ocr,False
source,71,0.5503875968992248,70,0.22151898734177214,445,316,129,2026,test,dt4mid/dt4mid-caption-ocr,threads
combo,8,0.12698412698412698,0,,63,0,63,2026,test,dt4mid/dt4mid-caption-ocr,011
combo,5,0.38461538461538464,0,,13,0,13,2026,test,dt4mid/dt4mid-caption-ocr,111
combo,54,0.3375,0,,160,0,160,2026,test,dt4mid/dt4mid-caption-ocr,001
combo,0,,9,0.9,10,10,0,2026,test,dt4mid/dt4mid-caption-ocr,010
combo,0,,12,0.46153846153846156,26,26,0,2026,test,dt4mid/dt4mid-caption-ocr,100
all,38,0.19689119170984457,58,0.5918367346938775,291,98,193,42,source_test,platform/phobert-facebook-source,all
combo,0,,49,0.5833333333333334,84,84,0,42,source_test,platform/phobert-facebook-source,000
ocr,34,0.27419354838709675,43,0.5308641975308642,205,81,124,42,source_test,platform/phobert-facebook-source,True
source,38,0.19689119170984457,58,0.5918367346938775,291,98,193,42,source_test,platform/phobert-facebook-source,facebook
combo,11,0.21153846153846154,0,,52,0,52,42,source_test,platform/phobert-facebook-source,011
ocr,4,0.057971014492753624,15,0.8823529411764706,86,17,69,42,source_test,platform/phobert-facebook-source,False
combo,2,0.3333333333333333,0,,6,0,6,42,source_test,platform/phobert-facebook-source,111
combo,12,0.12,0,,100,0,100,42,source_test,platform/phobert-facebook-source,001
combo,13,0.37142857142857144,0,,35,0,35,42,source_test,platform/phobert-facebook-source,101
combo,0,,4,0.5714285714285714,7,7,0,42,source_test,platform/phobert-facebook-source,010
combo,0,,5,0.7142857142857143,7,7,0,42,source_test,platform/phobert-facebook-source,100
all,39,0.20207253886010362,58,0.5918367346938775,291,98,193,123,source_test,platform/phobert-facebook-source,all
combo,0,,49,0.5833333333333334,84,84,0,123,source_test,platform/phobert-facebook-source,000
ocr,35,0.28225806451612906,43,0.5308641975308642,205,81,124,123,source_test,platform/phobert-facebook-source,True
source,39,0.20207253886010362,58,0.5918367346938775,291,98,193,123,source_test,platform/phobert-facebook-source,facebook
combo,11,0.21153846153846154,0,,52,0,52,123,source_test,platform/phobert-facebook-source,011
ocr,4,0.057971014492753624,15,0.8823529411764706,86,17,69,123,source_test,platform/phobert-facebook-source,False
combo,1,0.16666666666666666,0,,6,0,6,123,source_test,platform/phobert-facebook-source,111
combo,17,0.17,0,,100,0,100,123,source_test,platform/phobert-facebook-source,001
combo,10,0.2857142857142857,0,,35,0,35,123,source_test,platform/phobert-facebook-source,101
combo,0,,4,0.5714285714285714,7,7,0,123,source_test,platform/phobert-facebook-source,010
combo,0,,5,0.7142857142857143,7,7,0,123,source_test,platform/phobert-facebook-source,100
all,49,0.2538860103626943,51,0.5204081632653061,291,98,193,2026,source_test,platform/phobert-facebook-source,all
combo,0,,44,0.5238095238095238,84,84,0,2026,source_test,platform/phobert-facebook-source,000
ocr,38,0.3064516129032258,37,0.4567901234567901,205,81,124,2026,source_test,platform/phobert-facebook-source,True
source,49,0.2538860103626943,51,0.5204081632653061,291,98,193,2026,source_test,platform/phobert-facebook-source,facebook
combo,14,0.2692307692307692,0,,52,0,52,2026,source_test,platform/phobert-facebook-source,011
ocr,11,0.15942028985507245,14,0.8235294117647058,86,17,69,2026,source_test,platform/phobert-facebook-source,False
combo,1,0.16666666666666666,0,,6,0,6,2026,source_test,platform/phobert-facebook-source,111
combo,17,0.17,0,,100,0,100,2026,source_test,platform/phobert-facebook-source,001
combo,17,0.4857142857142857,0,,35,0,35,2026,source_test,platform/phobert-facebook-source,101
combo,0,,4,0.5714285714285714,7,7,0,2026,source_test,platform/phobert-facebook-source,010
combo,0,,3,0.42857142857142855,7,7,0,2026,source_test,platform/phobert-facebook-source,100
all,39,0.3023255813953488,193,0.6107594936708861,445,316,129,42,target_test,platform/phobert-facebook-source,all
combo,22,0.43137254901960786,0,,51,0,51,42,target_test,platform/phobert-facebook-source,101
ocr,11,0.2894736842105263,79,0.626984126984127,164,126,38,42,target_test,platform/phobert-facebook-source,False
source,39,0.3023255813953488,193,0.6107594936708861,445,316,129,42,target_test,platform/phobert-facebook-source,threads
combo,0,,184,0.6258503401360545,294,294,0,42,target_test,platform/phobert-facebook-source,000
ocr,28,0.3076923076923077,114,0.6,281,190,91,42,target_test,platform/phobert-facebook-source,True
combo,13,0.21666666666666667,0,,60,0,60,42,target_test,platform/phobert-facebook-source,001
combo,0,,2,0.6666666666666666,3,3,0,42,target_test,platform/phobert-facebook-source,010
combo,1,0.09090909090909091,0,,11,0,11,42,target_test,platform/phobert-facebook-source,011
combo,0,,7,0.3684210526315789,19,19,0,42,target_test,platform/phobert-facebook-source,100
combo,3,0.42857142857142855,0,,7,0,7,42,target_test,platform/phobert-facebook-source,111
all,42,0.32558139534883723,209,0.6613924050632911,445,316,129,123,target_test,platform/phobert-facebook-source,all
combo,18,0.35294117647058826,0,,51,0,51,123,target_test,platform/phobert-facebook-source,101
ocr,11,0.2894736842105263,85,0.6746031746031746,164,126,38,123,target_test,platform/phobert-facebook-source,False
source,42,0.32558139534883723,209,0.6613924050632911,445,316,129,123,target_test,platform/phobert-facebook-source,threads
combo,0,,199,0.6768707482993197,294,294,0,123,target_test,platform/phobert-facebook-source,000
ocr,31,0.34065934065934067,124,0.6526315789473685,281,190,91,123,target_test,platform/phobert-facebook-source,True
combo,20,0.3333333333333333,0,,60,0,60,123,target_test,platform/phobert-facebook-source,001
combo,0,,1,0.3333333333333333,3,3,0,123,target_test,platform/phobert-facebook-source,010
combo,1,0.09090909090909091,0,,11,0,11,123,target_test,platform/phobert-facebook-source,011
combo,0,,9,0.47368421052631576,19,19,0,123,target_test,platform/phobert-facebook-source,100
combo,3,0.42857142857142855,0,,7,0,7,123,target_test,platform/phobert-facebook-source,111
all,55,0.4263565891472868,148,0.46835443037974683,445,316,129,2026,target_test,platform/phobert-facebook-source,all
combo,24,0.47058823529411764,0,,51,0,51,2026,target_test,platform/phobert-facebook-source,101
ocr,17,0.4473684210526316,66,0.5238095238095238,164,126,38,2026,target_test,platform/phobert-facebook-source,False
source,55,0.4263565891472868,148,0.46835443037974683,445,316,129,2026,target_test,platform/phobert-facebook-source,threads
combo,0,,141,0.47959183673469385,294,294,0,2026,target_test,platform/phobert-facebook-source,000
ocr,38,0.4175824175824176,82,0.43157894736842106,281,190,91,2026,target_test,platform/phobert-facebook-source,True
combo,25,0.4166666666666667,0,,60,0,60,2026,target_test,platform/phobert-facebook-source,001
combo,0,,0,0.0,3,3,0,2026,target_test,platform/phobert-facebook-source,010
combo,4,0.36363636363636365,0,,11,0,11,2026,target_test,platform/phobert-facebook-source,011
combo,0,,7,0.3684210526315789,19,19,0,2026,target_test,platform/phobert-facebook-source,100
combo,2,0.2857142857142857,0,,7,0,7,2026,target_test,platform/phobert-facebook-source,111
all,93,0.7209302325581395,36,0.11392405063291139,445,316,129,42,source_test,platform/phobert-threads-source,all
combo,34,0.6666666666666666,0,,51,0,51,42,source_test,platform/phobert-threads-source,101
ocr,30,0.7894736842105263,10,0.07936507936507936,164,126,38,42,source_test,platform/phobert-threads-source,False
source,93,0.7209302325581395,36,0.11392405063291139,445,316,129,42,source_test,platform/phobert-threads-source,threads
combo,0,,29,0.09863945578231292,294,294,0,42,source_test,platform/phobert-threads-source,000
ocr,63,0.6923076923076923,26,0.1368421052631579,281,190,91,42,source_test,platform/phobert-threads-source,True
combo,48,0.8,0,,60,0,60,42,source_test,platform/phobert-threads-source,001
combo,0,,0,0.0,3,3,0,42,source_test,platform/phobert-threads-source,010
combo,6,0.5454545454545454,0,,11,0,11,42,source_test,platform/phobert-threads-source,011
combo,0,,7,0.3684210526315789,19,19,0,42,source_test,platform/phobert-threads-source,100
combo,5,0.7142857142857143,0,,7,0,7,42,source_test,platform/phobert-threads-source,111
all,78,0.6046511627906976,59,0.18670886075949367,445,316,129,123,source_test,platform/phobert-threads-source,all
combo,24,0.47058823529411764,0,,51,0,51,123,source_test,platform/phobert-threads-source,101
ocr,25,0.6578947368421053,20,0.15873015873015872,164,126,38,123,source_test,platform/phobert-threads-source,False
source,78,0.6046511627906976,59,0.18670886075949367,445,316,129,123,source_test,platform/phobert-threads-source,threads
combo,0,,51,0.17346938775510204,294,294,0,123,source_test,platform/phobert-threads-source,000
ocr,53,0.5824175824175825,39,0.20526315789473684,281,190,91,123,source_test,platform/phobert-threads-source,True
combo,43,0.7166666666666667,0,,60,0,60,123,source_test,platform/phobert-threads-source,001
combo,0,,0,0.0,3,3,0,123,source_test,platform/phobert-threads-source,010
combo,7,0.6363636363636364,0,,11,0,11,123,source_test,platform/phobert-threads-source,011
combo,0,,8,0.42105263157894735,19,19,0,123,source_test,platform/phobert-threads-source,100
combo,4,0.5714285714285714,0,,7,0,7,123,source_test,platform/phobert-threads-source,111
all,63,0.4883720930232558,78,0.2468354430379747,445,316,129,2026,source_test,platform/phobert-threads-source,all
combo,17,0.3333333333333333,0,,51,0,51,2026,source_test,platform/phobert-threads-source,101
ocr,17,0.4473684210526316,21,0.16666666666666666,164,126,38,2026,source_test,platform/phobert-threads-source,False
source,63,0.4883720930232558,78,0.2468354430379747,445,316,129,2026,source_test,platform/phobert-threads-source,threads
combo,0,,69,0.23469387755102042,294,294,0,2026,source_test,platform/phobert-threads-source,000
ocr,46,0.5054945054945055,57,0.3,281,190,91,2026,source_test,platform/phobert-threads-source,True
combo,37,0.6166666666666667,0,,60,0,60,2026,source_test,platform/phobert-threads-source,001
combo,0,,0,0.0,3,3,0,2026,source_test,platform/phobert-threads-source,010
combo,6,0.5454545454545454,0,,11,0,11,2026,source_test,platform/phobert-threads-source,011
combo,0,,9,0.47368421052631576,19,19,0,2026,source_test,platform/phobert-threads-source,100
combo,3,0.42857142857142855,0,,7,0,7,2026,source_test,platform/phobert-threads-source,111
all,122,0.6321243523316062,32,0.32653061224489793,291,98,193,42,target_test,platform/phobert-threads-source,all
combo,0,,29,0.34523809523809523,84,84,0,42,target_test,platform/phobert-threads-source,000
ocr,79,0.6370967741935484,27,0.3333333333333333,205,81,124,42,target_test,platform/phobert-threads-source,True
source,122,0.6321243523316062,32,0.32653061224489793,291,98,193,42,target_test,platform/phobert-threads-source,facebook
combo,35,0.6730769230769231,0,,52,0,52,42,target_test,platform/phobert-threads-source,011
ocr,43,0.6231884057971014,5,0.29411764705882354,86,17,69,42,target_test,platform/phobert-threads-source,False
combo,6,1.0,0,,6,0,6,42,target_test,platform/phobert-threads-source,111
combo,57,0.57,0,,100,0,100,42,target_test,platform/phobert-threads-source,001
combo,24,0.6857142857142857,0,,35,0,35,42,target_test,platform/phobert-threads-source,101
combo,0,,2,0.2857142857142857,7,7,0,42,target_test,platform/phobert-threads-source,010
combo,0,,1,0.14285714285714285,7,7,0,42,target_test,platform/phobert-threads-source,100
all,100,0.5181347150259067,32,0.32653061224489793,291,98,193,123,target_test,platform/phobert-threads-source,all
combo,0,,30,0.35714285714285715,84,84,0,123,target_test,platform/phobert-threads-source,000
ocr,65,0.5241935483870968,27,0.3333333333333333,205,81,124,123,target_test,platform/phobert-threads-source,True
source,100,0.5181347150259067,32,0.32653061224489793,291,98,193,123,target_test,platform/phobert-threads-source,facebook
combo,25,0.4807692307692308,0,,52,0,52,123,target_test,platform/phobert-threads-source,011
ocr,35,0.5072463768115942,5,0.29411764705882354,86,17,69,123,target_test,platform/phobert-threads-source,False
combo,6,1.0,0,,6,0,6,123,target_test,platform/phobert-threads-source,111
combo,53,0.53,0,,100,0,100,123,target_test,platform/phobert-threads-source,001
combo,16,0.45714285714285713,0,,35,0,35,123,target_test,platform/phobert-threads-source,101
combo,0,,1,0.14285714285714285,7,7,0,123,target_test,platform/phobert-threads-source,010
combo,0,,1,0.14285714285714285,7,7,0,123,target_test,platform/phobert-threads-source,100
all,88,0.45595854922279794,37,0.37755102040816324,291,98,193,2026,target_test,platform/phobert-threads-source,all
combo,0,,34,0.40476190476190477,84,84,0,2026,target_test,platform/phobert-threads-source,000
ocr,56,0.45161290322580644,29,0.35802469135802467,205,81,124,2026,target_test,platform/phobert-threads-source,True
source,88,0.45595854922279794,37,0.37755102040816324,291,98,193,2026,target_test,platform/phobert-threads-source,facebook
combo,21,0.40384615384615385,0,,52,0,52,2026,target_test,platform/phobert-threads-source,011
ocr,32,0.463768115942029,8,0.47058823529411764,86,17,69,2026,target_test,platform/phobert-threads-source,False
combo,5,0.8333333333333334,0,,6,0,6,2026,target_test,platform/phobert-threads-source,111
combo,46,0.46,0,,100,0,100,2026,target_test,platform/phobert-threads-source,001
combo,16,0.45714285714285713,0,,35,0,35,2026,target_test,platform/phobert-threads-source,101
combo,0,,1,0.14285714285714285,7,7,0,2026,target_test,platform/phobert-threads-source,010
combo,0,,2,0.2857142857142857,7,7,0,2026,target_test,platform/phobert-threads-source,100
all,21,0.10880829015544041,63,0.6428571428571429,291,98,193,42,source_test,platform/dt4mid-facebook-source,all
combo,0,,55,0.6547619047619048,84,84,0,42,source_test,platform/dt4mid-facebook-source,000
ocr,16,0.12903225806451613,48,0.5925925925925926,205,81,124,42,source_test,platform/dt4mid-facebook-source,True
source,21,0.10880829015544041,63,0.6428571428571429,291,98,193,42,source_test,platform/dt4mid-facebook-source,facebook
combo,4,0.07692307692307693,0,,52,0,52,42,source_test,platform/dt4mid-facebook-source,011
ocr,5,0.07246376811594203,15,0.8823529411764706,86,17,69,42,source_test,platform/dt4mid-facebook-source,False
combo,0,0.0,0,,6,0,6,42,source_test,platform/dt4mid-facebook-source,111
combo,14,0.14,0,,100,0,100,42,source_test,platform/dt4mid-facebook-source,001
combo,3,0.08571428571428572,0,,35,0,35,42,source_test,platform/dt4mid-facebook-source,101
combo,0,,4,0.5714285714285714,7,7,0,42,source_test,platform/dt4mid-facebook-source,010
combo,0,,4,0.5714285714285714,7,7,0,42,source_test,platform/dt4mid-facebook-source,100
all,6,0.031088082901554404,87,0.8877551020408163,291,98,193,123,source_test,platform/dt4mid-facebook-source,all
combo,0,,74,0.8809523809523809,84,84,0,123,source_test,platform/dt4mid-facebook-source,000
ocr,6,0.04838709677419355,70,0.8641975308641975,205,81,124,123,source_test,platform/dt4mid-facebook-source,True
source,6,0.031088082901554404,87,0.8877551020408163,291,98,193,123,source_test,platform/dt4mid-facebook-source,facebook
combo,3,0.057692307692307696,0,,52,0,52,123,source_test,platform/dt4mid-facebook-source,011
ocr,0,0.0,17,1.0,86,17,69,123,source_test,platform/dt4mid-facebook-source,False
combo,0,0.0,0,,6,0,6,123,source_test,platform/dt4mid-facebook-source,111
combo,2,0.02,0,,100,0,100,123,source_test,platform/dt4mid-facebook-source,001
combo,1,0.02857142857142857,0,,35,0,35,123,source_test,platform/dt4mid-facebook-source,101
combo,0,,7,1.0,7,7,0,123,source_test,platform/dt4mid-facebook-source,010
combo,0,,6,0.8571428571428571,7,7,0,123,source_test,platform/dt4mid-facebook-source,100
all,7,0.03626943005181347,90,0.9183673469387755,291,98,193,2026,source_test,platform/dt4mid-facebook-source,all
combo,0,,77,0.9166666666666666,84,84,0,2026,source_test,platform/dt4mid-facebook-source,000
ocr,7,0.056451612903225805,73,0.9012345679012346,205,81,124,2026,source_test,platform/dt4mid-facebook-source,True
source,7,0.03626943005181347,90,0.9183673469387755,291,98,193,2026,source_test,platform/dt4mid-facebook-source,facebook
combo,3,0.057692307692307696,0,,52,0,52,2026,source_test,platform/dt4mid-facebook-source,011
ocr,0,0.0,17,1.0,86,17,69,2026,source_test,platform/dt4mid-facebook-source,False
combo,0,0.0,0,,6,0,6,2026,source_test,platform/dt4mid-facebook-source,111
combo,3,0.03,0,,100,0,100,2026,source_test,platform/dt4mid-facebook-source,001
combo,1,0.02857142857142857,0,,35,0,35,2026,source_test,platform/dt4mid-facebook-source,101
combo,0,,7,1.0,7,7,0,2026,source_test,platform/dt4mid-facebook-source,010
combo,0,,6,0.8571428571428571,7,7,0,2026,source_test,platform/dt4mid-facebook-source,100
all,31,0.24031007751937986,229,0.7246835443037974,445,316,129,42,target_test,platform/dt4mid-facebook-source,all
combo,15,0.29411764705882354,0,,51,0,51,42,target_test,platform/dt4mid-facebook-source,101
ocr,7,0.18421052631578946,103,0.8174603174603174,164,126,38,42,target_test,platform/dt4mid-facebook-source,False
source,31,0.24031007751937986,229,0.7246835443037974,445,316,129,42,target_test,platform/dt4mid-facebook-source,threads
combo,0,,216,0.7346938775510204,294,294,0,42,target_test,platform/dt4mid-facebook-source,000
ocr,24,0.26373626373626374,126,0.6631578947368421,281,190,91,42,target_test,platform/dt4mid-facebook-source,True
combo,12,0.2,0,,60,0,60,42,target_test,platform/dt4mid-facebook-source,001
combo,0,,2,0.6666666666666666,3,3,0,42,target_test,platform/dt4mid-facebook-source,010
combo,3,0.2727272727272727,0,,11,0,11,42,target_test,platform/dt4mid-facebook-source,011
combo,0,,11,0.5789473684210527,19,19,0,42,target_test,platform/dt4mid-facebook-source,100
combo,1,0.14285714285714285,0,,7,0,7,42,target_test,platform/dt4mid-facebook-source,111
all,12,0.09302325581395349,299,0.9462025316455697,445,316,129,123,target_test,platform/dt4mid-facebook-source,all
combo,9,0.17647058823529413,0,,51,0,51,123,target_test,platform/dt4mid-facebook-source,101
ocr,1,0.02631578947368421,126,1.0,164,126,38,123,target_test,platform/dt4mid-facebook-source,False
source,12,0.09302325581395349,299,0.9462025316455697,445,316,129,123,target_test,platform/dt4mid-facebook-source,threads
combo,0,,279,0.9489795918367347,294,294,0,123,target_test,platform/dt4mid-facebook-source,000
ocr,11,0.12087912087912088,173,0.9105263157894737,281,190,91,123,target_test,platform/dt4mid-facebook-source,True
combo,1,0.016666666666666666,0,,60,0,60,123,target_test,platform/dt4mid-facebook-source,001
combo,0,,3,1.0,3,3,0,123,target_test,platform/dt4mid-facebook-source,010
combo,1,0.09090909090909091,0,,11,0,11,123,target_test,platform/dt4mid-facebook-source,011
combo,0,,17,0.8947368421052632,19,19,0,123,target_test,platform/dt4mid-facebook-source,100
combo,1,0.14285714285714285,0,,7,0,7,123,target_test,platform/dt4mid-facebook-source,111
all,3,0.023255813953488372,302,0.9556962025316456,445,316,129,2026,target_test,platform/dt4mid-facebook-source,all
combo,3,0.058823529411764705,0,,51,0,51,2026,target_test,platform/dt4mid-facebook-source,101
ocr,1,0.02631578947368421,125,0.9920634920634921,164,126,38,2026,target_test,platform/dt4mid-facebook-source,False
source,3,0.023255813953488372,302,0.9556962025316456,445,316,129,2026,target_test,platform/dt4mid-facebook-source,threads
combo,0,,282,0.9591836734693877,294,294,0,2026,target_test,platform/dt4mid-facebook-source,000
ocr,2,0.02197802197802198,177,0.9315789473684211,281,190,91,2026,target_test,platform/dt4mid-facebook-source,True
combo,0,0.0,0,,60,0,60,2026,target_test,platform/dt4mid-facebook-source,001
combo,0,,2,0.6666666666666666,3,3,0,2026,target_test,platform/dt4mid-facebook-source,010
combo,0,0.0,0,,11,0,11,2026,target_test,platform/dt4mid-facebook-source,011
combo,0,,18,0.9473684210526315,19,19,0,2026,target_test,platform/dt4mid-facebook-source,100
combo,0,0.0,0,,7,0,7,2026,target_test,platform/dt4mid-facebook-source,111
all,80,0.6201550387596899,66,0.2088607594936709,445,316,129,42,source_test,platform/dt4mid-threads-source,all
combo,39,0.7647058823529411,0,,51,0,51,42,source_test,platform/dt4mid-threads-source,101
ocr,35,0.9210526315789473,8,0.06349206349206349,164,126,38,42,source_test,platform/dt4mid-threads-source,False
source,80,0.6201550387596899,66,0.2088607594936709,445,316,129,42,source_test,platform/dt4mid-threads-source,threads
combo,0,,61,0.20748299319727892,294,294,0,42,source_test,platform/dt4mid-threads-source,000
ocr,45,0.4945054945054945,58,0.30526315789473685,281,190,91,42,source_test,platform/dt4mid-threads-source,True
combo,36,0.6,0,,60,0,60,42,source_test,platform/dt4mid-threads-source,001
combo,0,,2,0.6666666666666666,3,3,0,42,source_test,platform/dt4mid-threads-source,010
combo,2,0.18181818181818182,0,,11,0,11,42,source_test,platform/dt4mid-threads-source,011
combo,0,,3,0.15789473684210525,19,19,0,42,source_test,platform/dt4mid-threads-source,100
combo,3,0.42857142857142855,0,,7,0,7,42,source_test,platform/dt4mid-threads-source,111
all,54,0.4186046511627907,132,0.4177215189873418,445,316,129,123,source_test,platform/dt4mid-threads-source,all
combo,20,0.39215686274509803,0,,51,0,51,123,source_test,platform/dt4mid-threads-source,101
ocr,34,0.8947368421052632,7,0.05555555555555555,164,126,38,123,source_test,platform/dt4mid-threads-source,False
source,54,0.4186046511627907,132,0.4177215189873418,445,316,129,123,source_test,platform/dt4mid-threads-source,threads
combo,0,,115,0.391156462585034,294,294,0,123,source_test,platform/dt4mid-threads-source,000
ocr,20,0.21978021978021978,125,0.6578947368421053,281,190,91,123,source_test,platform/dt4mid-threads-source,True
combo,31,0.5166666666666667,0,,60,0,60,123,source_test,platform/dt4mid-threads-source,001
combo,0,,3,1.0,3,3,0,123,source_test,platform/dt4mid-threads-source,010
combo,3,0.2727272727272727,0,,11,0,11,123,source_test,platform/dt4mid-threads-source,011
combo,0,,14,0.7368421052631579,19,19,0,123,source_test,platform/dt4mid-threads-source,100
combo,0,0.0,0,,7,0,7,123,source_test,platform/dt4mid-threads-source,111
all,66,0.5116279069767442,61,0.1930379746835443,445,316,129,2026,source_test,platform/dt4mid-threads-source,all
combo,27,0.5294117647058824,0,,51,0,51,2026,source_test,platform/dt4mid-threads-source,101
ocr,32,0.8421052631578947,5,0.03968253968253968,164,126,38,2026,source_test,platform/dt4mid-threads-source,False
source,66,0.5116279069767442,61,0.1930379746835443,445,316,129,2026,source_test,platform/dt4mid-threads-source,threads
combo,0,,50,0.17006802721088435,294,294,0,2026,source_test,platform/dt4mid-threads-source,000
ocr,34,0.37362637362637363,56,0.29473684210526313,281,190,91,2026,source_test,platform/dt4mid-threads-source,True
combo,35,0.5833333333333334,0,,60,0,60,2026,source_test,platform/dt4mid-threads-source,001
combo,0,,1,0.3333333333333333,3,3,0,2026,source_test,platform/dt4mid-threads-source,010
combo,2,0.18181818181818182,0,,11,0,11,2026,source_test,platform/dt4mid-threads-source,011
combo,0,,10,0.5263157894736842,19,19,0,2026,source_test,platform/dt4mid-threads-source,100
combo,2,0.2857142857142857,0,,7,0,7,2026,source_test,platform/dt4mid-threads-source,111
all,79,0.40932642487046633,54,0.5510204081632653,291,98,193,42,target_test,platform/dt4mid-threads-source,all
combo,0,,46,0.5476190476190477,84,84,0,42,target_test,platform/dt4mid-threads-source,000
ocr,39,0.31451612903225806,45,0.5555555555555556,205,81,124,42,target_test,platform/dt4mid-threads-source,True
source,79,0.40932642487046633,54,0.5510204081632653,291,98,193,42,target_test,platform/dt4mid-threads-source,facebook
combo,12,0.23076923076923078,0,,52,0,52,42,target_test,platform/dt4mid-threads-source,011
ocr,40,0.5797101449275363,9,0.5294117647058824,86,17,69,42,target_test,platform/dt4mid-threads-source,False
combo,3,0.5,0,,6,0,6,42,target_test,platform/dt4mid-threads-source,111
combo,47,0.47,0,,100,0,100,42,target_test,platform/dt4mid-threads-source,001
combo,17,0.4857142857142857,0,,35,0,35,42,target_test,platform/dt4mid-threads-source,101
combo,0,,4,0.5714285714285714,7,7,0,42,target_test,platform/dt4mid-threads-source,010
combo,0,,4,0.5714285714285714,7,7,0,42,target_test,platform/dt4mid-threads-source,100
all,84,0.43523316062176165,67,0.6836734693877551,291,98,193,123,target_test,platform/dt4mid-threads-source,all
combo,0,,57,0.6785714285714286,84,84,0,123,target_test,platform/dt4mid-threads-source,000
ocr,26,0.20967741935483872,64,0.7901234567901234,205,81,124,123,target_test,platform/dt4mid-threads-source,True
source,84,0.43523316062176165,67,0.6836734693877551,291,98,193,123,target_test,platform/dt4mid-threads-source,facebook
combo,6,0.11538461538461539,0,,52,0,52,123,target_test,platform/dt4mid-threads-source,011
ocr,58,0.8405797101449275,3,0.17647058823529413,86,17,69,123,target_test,platform/dt4mid-threads-source,False
combo,1,0.16666666666666666,0,,6,0,6,123,target_test,platform/dt4mid-threads-source,111
combo,54,0.54,0,,100,0,100,123,target_test,platform/dt4mid-threads-source,001
combo,23,0.6571428571428571,0,,35,0,35,123,target_test,platform/dt4mid-threads-source,101
combo,0,,5,0.7142857142857143,7,7,0,123,target_test,platform/dt4mid-threads-source,010
combo,0,,5,0.7142857142857143,7,7,0,123,target_test,platform/dt4mid-threads-source,100
all,104,0.538860103626943,46,0.46938775510204084,291,98,193,2026,target_test,platform/dt4mid-threads-source,all
combo,0,,42,0.5,84,84,0,2026,target_test,platform/dt4mid-threads-source,000
ocr,58,0.46774193548387094,41,0.5061728395061729,205,81,124,2026,target_test,platform/dt4mid-threads-source,True
source,104,0.538860103626943,46,0.46938775510204084,291,98,193,2026,target_test,platform/dt4mid-threads-source,facebook
combo,25,0.4807692307692308,0,,52,0,52,2026,target_test,platform/dt4mid-threads-source,011
ocr,46,0.6666666666666666,5,0.29411764705882354,86,17,69,2026,target_test,platform/dt4mid-threads-source,False
combo,3,0.5,0,,6,0,6,2026,target_test,platform/dt4mid-threads-source,111
combo,59,0.59,0,,100,0,100,2026,target_test,platform/dt4mid-threads-source,001
combo,17,0.4857142857142857,0,,35,0,35,2026,target_test,platform/dt4mid-threads-source,101
combo,0,,2,0.2857142857142857,7,7,0,2026,target_test,platform/dt4mid-threads-source,010
combo,0,,2,0.2857142857142857,7,7,0,2026,target_test,platform/dt4mid-threads-source,100
