experiment_name,fn,fnr,fp,fpr,has_ocr,image_label,input_mode,mm_label,model,negative_support,positive_support,seed,source,split,support,text_label
ocr/dt4mid-caption,0,,34,0.5,True,0,caption,0,dt4mid-phobert,68,0,123,facebook,test,68,0
ocr/dt4mid-caption,16,0.8888888888888888,0,,False,0,caption,1,dt4mid-phobert,0,18,123,threads,test,18,1
ocr/dt4mid-caption,11,0.21153846153846154,0,,True,1,caption,1,dt4mid-phobert,0,52,123,facebook,test,52,0
ocr/dt4mid-caption,0,,17,0.09883720930232558,True,0,caption,0,dt4mid-phobert,172,0,123,threads,test,172,0
ocr/dt4mid-caption,0,,8,0.06557377049180328,False,0,caption,0,dt4mid-phobert,122,0,123,threads,test,122,0
ocr/dt4mid-caption,0,,15,0.9375,False,0,caption,0,dt4mid-phobert,16,0,123,facebook,test,16,0
ocr/dt4mid-caption,1,0.3333333333333333,0,,True,1,caption,1,dt4mid-phobert,0,3,123,facebook,test,3,1
ocr/dt4mid-caption,21,0.4117647058823529,0,,True,0,caption,1,dt4mid-phobert,0,51,123,facebook,test,51,0
ocr/dt4mid-caption,10,0.20408163265306123,0,,False,0,caption,1,dt4mid-phobert,0,49,123,facebook,test,49,0
ocr/dt4mid-caption,31,0.775,0,,True,0,caption,1,dt4mid-phobert,0,40,123,threads,test,40,0
ocr/dt4mid-caption,29,0.8787878787878788,0,,True,0,caption,1,dt4mid-phobert,0,33,123,threads,test,33,1
ocr/dt4mid-caption,0,,1,0.3333333333333333,True,1,caption,0,dt4mid-phobert,3,0,123,threads,test,3,0
ocr/dt4mid-caption,17,0.85,0,,False,0,caption,1,dt4mid-phobert,0,20,123,threads,test,20,0
ocr/dt4mid-caption,1,0.058823529411764705,0,,False,0,caption,1,dt4mid-phobert,0,17,123,facebook,test,17,1
ocr/dt4mid-caption,5,0.45454545454545453,0,,True,1,caption,1,dt4mid-phobert,0,11,123,threads,test,11,0
ocr/dt4mid-caption,6,0.3333333333333333,0,,True,0,caption,1,dt4mid-phobert,0,18,123,facebook,test,18,1
ocr/dt4mid-caption,0,,3,0.2,True,0,caption,0,dt4mid-phobert,15,0,123,threads,test,15,1
ocr/dt4mid-caption,0,,4,0.5714285714285714,True,1,caption,0,dt4mid-phobert,7,0,123,facebook,test,7,0
ocr/dt4mid-caption,6,0.8571428571428571,0,,True,1,caption,1,dt4mid-phobert,0,7,123,threads,test,7,1
ocr/dt4mid-caption,0,,3,0.5,True,0,caption,0,dt4mid-phobert,6,0,123,facebook,test,6,1
ocr/dt4mid-caption,0,0.0,0,,False,1,caption,1,dt4mid-phobert,0,3,123,facebook,test,3,1
ocr/dt4mid-caption,0,,0,0.0,False,0,caption,0,dt4mid-phobert,4,0,123,threads,test,4,1
ocr/dt4mid-caption,0,,0,0.0,False,0,caption,0,dt4mid-phobert,1,0,123,facebook,test,1,1
ocr/dt4mid-caption,0,,44,0.6470588235294118,True,0,caption,0,dt4mid-phobert,68,0,2026,facebook,test,68,0
ocr/dt4mid-caption,16,0.8888888888888888,0,,False,0,caption,1,dt4mid-phobert,0,18,2026,threads,test,18,1
ocr/dt4mid-caption,4,0.07692307692307693,0,,True,1,caption,1,dt4mid-phobert,0,52,2026,facebook,test,52,0
ocr/dt4mid-caption,0,,28,0.16279069767441862,True,0,caption,0,dt4mid-phobert,172,0,2026,threads,test,172,0
ocr/dt4mid-caption,0,,7,0.05737704918032787,False,0,caption,0,dt4mid-phobert,122,0,2026,threads,test,122,0
ocr/dt4mid-caption,0,,15,0.9375,False,0,caption,0,dt4mid-phobert,16,0,2026,facebook,test,16,0
ocr/dt4mid-caption,1,0.3333333333333333,0,,True,1,caption,1,dt4mid-phobert,0,3,2026,facebook,test,3,1
ocr/dt4mid-caption,10,0.19607843137254902,0,,True,0,caption,1,dt4mid-phobert,0,51,2026,facebook,test,51,0
ocr/dt4mid-caption,6,0.12244897959183673,0,,False,0,caption,1,dt4mid-phobert,0,49,2026,facebook,test,49,0
ocr/dt4mid-caption,27,0.675,0,,True,0,caption,1,dt4mid-phobert,0,40,2026,threads,test,40,0
ocr/dt4mid-caption,22,0.6666666666666666,0,,True,0,caption,1,dt4mid-phobert,0,33,2026,threads,test,33,1
ocr/dt4mid-caption,0,,1,0.3333333333333333,True,1,caption,0,dt4mid-phobert,3,0,2026,threads,test,3,0
ocr/dt4mid-caption,18,0.9,0,,False,0,caption,1,dt4mid-phobert,0,20,2026,threads,test,20,0
ocr/dt4mid-caption,1,0.058823529411764705,0,,False,0,caption,1,dt4mid-phobert,0,17,2026,facebook,test,17,1
ocr/dt4mid-caption,5,0.45454545454545453,0,,True,1,caption,1,dt4mid-phobert,0,11,2026,threads,test,11,0
ocr/dt4mid-caption,4,0.2222222222222222,0,,True,0,caption,1,dt4mid-phobert,0,18,2026,facebook,test,18,1
ocr/dt4mid-caption,0,,1,0.06666666666666667,True,0,caption,0,dt4mid-phobert,15,0,2026,threads,test,15,1
ocr/dt4mid-caption,0,,6,0.8571428571428571,True,1,caption,0,dt4mid-phobert,7,0,2026,facebook,test,7,0
ocr/dt4mid-caption,5,0.7142857142857143,0,,True,1,caption,1,dt4mid-phobert,0,7,2026,threads,test,7,1
ocr/dt4mid-caption,0,,4,0.6666666666666666,True,0,caption,0,dt4mid-phobert,6,0,2026,facebook,test,6,1
ocr/dt4mid-caption,0,0.0,0,,False,1,caption,1,dt4mid-phobert,0,3,2026,facebook,test,3,1
ocr/dt4mid-caption,0,,1,0.25,False,0,caption,0,dt4mid-phobert,4,0,2026,threads,test,4,1
ocr/dt4mid-caption,0,,0,0.0,False,0,caption,0,dt4mid-phobert,1,0,2026,facebook,test,1,1
ocr/dt4mid-caption,0,,52,0.7647058823529411,True,0,caption,0,dt4mid-phobert,68,0,42,facebook,test,68,0
ocr/dt4mid-caption,17,0.9444444444444444,0,,False,0,caption,1,dt4mid-phobert,0,18,42,threads,test,18,1
ocr/dt4mid-caption,3,0.057692307692307696,0,,True,1,caption,1,dt4mid-phobert,0,52,42,facebook,test,52,0
ocr/dt4mid-caption,0,,45,0.2616279069767442,True,0,caption,0,dt4mid-phobert,172,0,42,threads,test,172,0
ocr/dt4mid-caption,0,,14,0.11475409836065574,False,0,caption,0,dt4mid-phobert,122,0,42,threads,test,122,0
ocr/dt4mid-caption,0,,15,0.9375,False,0,caption,0,dt4mid-phobert,16,0,42,facebook,test,16,0
ocr/dt4mid-caption,2,0.6666666666666666,0,,True,1,caption,1,dt4mid-phobert,0,3,42,facebook,test,3,1
ocr/dt4mid-caption,8,0.1568627450980392,0,,True,0,caption,1,dt4mid-phobert,0,51,42,facebook,test,51,0
ocr/dt4mid-caption,2,0.04081632653061224,0,,False,0,caption,1,dt4mid-phobert,0,49,42,facebook,test,49,0
ocr/dt4mid-caption,19,0.475,0,,True,0,caption,1,dt4mid-phobert,0,40,42,threads,test,40,0
ocr/dt4mid-caption,13,0.3939393939393939,0,,True,0,caption,1,dt4mid-phobert,0,33,42,threads,test,33,1
ocr/dt4mid-caption,0,,1,0.3333333333333333,True,1,caption,0,dt4mid-phobert,3,0,42,threads,test,3,0
ocr/dt4mid-caption,19,0.95,0,,False,0,caption,1,dt4mid-phobert,0,20,42,threads,test,20,0
ocr/dt4mid-caption,2,0.11764705882352941,0,,False,0,caption,1,dt4mid-phobert,0,17,42,facebook,test,17,1
ocr/dt4mid-caption,4,0.36363636363636365,0,,True,1,caption,1,dt4mid-phobert,0,11,42,threads,test,11,0
ocr/dt4mid-caption,2,0.1111111111111111,0,,True,0,caption,1,dt4mid-phobert,0,18,42,facebook,test,18,1
ocr/dt4mid-caption,0,,6,0.4,True,0,caption,0,dt4mid-phobert,15,0,42,threads,test,15,1
ocr/dt4mid-caption,0,,6,0.8571428571428571,True,1,caption,0,dt4mid-phobert,7,0,42,facebook,test,7,0
ocr/dt4mid-caption,5,0.7142857142857143,0,,True,1,caption,1,dt4mid-phobert,0,7,42,threads,test,7,1
ocr/dt4mid-caption,0,,4,0.6666666666666666,True,0,caption,0,dt4mid-phobert,6,0,42,facebook,test,6,1
ocr/dt4mid-caption,0,0.0,0,,False,1,caption,1,dt4mid-phobert,0,3,42,facebook,test,3,1
ocr/dt4mid-caption,0,,2,0.5,False,0,caption,0,dt4mid-phobert,4,0,42,threads,test,4,1
ocr/dt4mid-caption,0,,0,0.0,False,0,caption,0,dt4mid-phobert,1,0,42,facebook,test,1,1
ocr/dt4mid-caption-ocr,0,,35,0.5147058823529411,True,0,caption_ocr,0,dt4mid-phobert,68,0,123,facebook,test,68,0
ocr/dt4mid-caption-ocr,13,0.7222222222222222,0,,False,0,caption_ocr,1,dt4mid-phobert,0,18,123,threads,test,18,1
ocr/dt4mid-caption-ocr,7,0.1346153846153846,0,,True,1,caption_ocr,1,dt4mid-phobert,0,52,123,facebook,test,52,0
ocr/dt4mid-caption-ocr,0,,36,0.20930232558139536,True,0,caption_ocr,0,dt4mid-phobert,172,0,123,threads,test,172,0
ocr/dt4mid-caption-ocr,0,,14,0.11475409836065574,False,0,caption_ocr,0,dt4mid-phobert,122,0,123,threads,test,122,0
ocr/dt4mid-caption-ocr,0,,13,0.8125,False,0,caption_ocr,0,dt4mid-phobert,16,0,123,facebook,test,16,0
ocr/dt4mid-caption-ocr,2,0.6666666666666666,0,,True,1,caption_ocr,1,dt4mid-phobert,0,3,123,facebook,test,3,1
ocr/dt4mid-caption-ocr,18,0.35294117647058826,0,,True,0,caption_ocr,1,dt4mid-phobert,0,51,123,facebook,test,51,0
ocr/dt4mid-caption-ocr,11,0.22448979591836735,0,,False,0,caption_ocr,1,dt4mid-phobert,0,49,123,facebook,test,49,0
ocr/dt4mid-caption-ocr,22,0.55,0,,True,0,caption_ocr,1,dt4mid-phobert,0,40,123,threads,test,40,0
ocr/dt4mid-caption-ocr,14,0.42424242424242425,0,,True,0,caption_ocr,1,dt4mid-phobert,0,33,123,threads,test,33,1
ocr/dt4mid-caption-ocr,0,,2,0.6666666666666666,True,1,caption_ocr,0,dt4mid-phobert,3,0,123,threads,test,3,0
ocr/dt4mid-caption-ocr,12,0.6,0,,False,0,caption_ocr,1,dt4mid-phobert,0,20,123,threads,test,20,0
ocr/dt4mid-caption-ocr,2,0.11764705882352941,0,,False,0,caption_ocr,1,dt4mid-phobert,0,17,123,facebook,test,17,1
ocr/dt4mid-caption-ocr,5,0.45454545454545453,0,,True,1,caption_ocr,1,dt4mid-phobert,0,11,123,threads,test,11,0
ocr/dt4mid-caption-ocr,5,0.2777777777777778,0,,True,0,caption_ocr,1,dt4mid-phobert,0,18,123,facebook,test,18,1
ocr/dt4mid-caption-ocr,0,,8,0.5333333333333333,True,0,caption_ocr,0,dt4mid-phobert,15,0,123,threads,test,15,1
ocr/dt4mid-caption-ocr,0,,3,0.42857142857142855,True,1,caption_ocr,0,dt4mid-phobert,7,0,123,facebook,test,7,0
ocr/dt4mid-caption-ocr,4,0.5714285714285714,0,,True,1,caption_ocr,1,dt4mid-phobert,0,7,123,threads,test,7,1
ocr/dt4mid-caption-ocr,0,,2,0.3333333333333333,True,0,caption_ocr,0,dt4mid-phobert,6,0,123,facebook,test,6,1
ocr/dt4mid-caption-ocr,0,0.0,0,,False,1,caption_ocr,1,dt4mid-phobert,0,3,123,facebook,test,3,1
ocr/dt4mid-caption-ocr,0,,2,0.5,False,0,caption_ocr,0,dt4mid-phobert,4,0,123,threads,test,4,1
ocr/dt4mid-caption-ocr,0,,1,1.0,False,0,caption_ocr,0,dt4mid-phobert,1,0,123,facebook,test,1,1
ocr/dt4mid-caption-ocr,0,,47,0.6911764705882353,True,0,caption_ocr,0,dt4mid-phobert,68,0,2026,facebook,test,68,0
ocr/dt4mid-caption-ocr,14,0.7777777777777778,0,,False,0,caption_ocr,1,dt4mid-phobert,0,18,2026,threads,test,18,1
ocr/dt4mid-caption-ocr,4,0.07692307692307693,0,,True,1,caption_ocr,1,dt4mid-phobert,0,52,2026,facebook,test,52,0
ocr/dt4mid-caption-ocr,0,,52,0.3023255813953488,True,0,caption_ocr,0,dt4mid-phobert,172,0,2026,threads,test,172,0
ocr/dt4mid-caption-ocr,0,,8,0.06557377049180328,False,0,caption_ocr,0,dt4mid-phobert,122,0,2026,threads,test,122,0
ocr/dt4mid-caption-ocr,0,,14,0.875,False,0,caption_ocr,0,dt4mid-phobert,16,0,2026,facebook,test,16,0
ocr/dt4mid-caption-ocr,3,1.0,0,,True,1,caption_ocr,1,dt4mid-phobert,0,3,2026,facebook,test,3,1
ocr/dt4mid-caption-ocr,13,0.2549019607843137,0,,True,0,caption_ocr,1,dt4mid-phobert,0,51,2026,facebook,test,51,0
ocr/dt4mid-caption-ocr,3,0.061224489795918366,0,,False,0,caption_ocr,1,dt4mid-phobert,0,49,2026,facebook,test,49,0
ocr/dt4mid-caption-ocr,20,0.5,0,,True,0,caption_ocr,1,dt4mid-phobert,0,40,2026,threads,test,40,0
ocr/dt4mid-caption-ocr,13,0.3939393939393939,0,,True,0,caption_ocr,1,dt4mid-phobert,0,33,2026,threads,test,33,1
ocr/dt4mid-caption-ocr,0,,2,0.6666666666666666,True,1,caption_ocr,0,dt4mid-phobert,3,0,2026,threads,test,3,0
ocr/dt4mid-caption-ocr,18,0.9,0,,False,0,caption_ocr,1,dt4mid-phobert,0,20,2026,threads,test,20,0
ocr/dt4mid-caption-ocr,4,0.23529411764705882,0,,False,0,caption_ocr,1,dt4mid-phobert,0,17,2026,facebook,test,17,1
ocr/dt4mid-caption-ocr,4,0.36363636363636365,0,,True,1,caption_ocr,1,dt4mid-phobert,0,11,2026,threads,test,11,0
ocr/dt4mid-caption-ocr,4,0.2222222222222222,0,,True,0,caption_ocr,1,dt4mid-phobert,0,18,2026,facebook,test,18,1
ocr/dt4mid-caption-ocr,0,,7,0.4666666666666667,True,0,caption_ocr,0,dt4mid-phobert,15,0,2026,threads,test,15,1
ocr/dt4mid-caption-ocr,0,,7,1.0,True,1,caption_ocr,0,dt4mid-phobert,7,0,2026,facebook,test,7,0
ocr/dt4mid-caption-ocr,2,0.2857142857142857,0,,True,1,caption_ocr,1,dt4mid-phobert,0,7,2026,threads,test,7,1
ocr/dt4mid-caption-ocr,0,,4,0.6666666666666666,True,0,caption_ocr,0,dt4mid-phobert,6,0,2026,facebook,test,6,1
ocr/dt4mid-caption-ocr,0,0.0,0,,False,1,caption_ocr,1,dt4mid-phobert,0,3,2026,facebook,test,3,1
ocr/dt4mid-caption-ocr,0,,1,0.25,False,0,caption_ocr,0,dt4mid-phobert,4,0,2026,threads,test,4,1
ocr/dt4mid-caption-ocr,0,,0,0.0,False,0,caption_ocr,0,dt4mid-phobert,1,0,2026,facebook,test,1,1
ocr/dt4mid-caption-ocr,0,,48,0.7058823529411765,True,0,caption_ocr,0,dt4mid-phobert,68,0,42,facebook,test,68,0
ocr/dt4mid-caption-ocr,13,0.7222222222222222,0,,False,0,caption_ocr,1,dt4mid-phobert,0,18,42,threads,test,18,1
ocr/dt4mid-caption-ocr,1,0.019230769230769232,0,,True,1,caption_ocr,1,dt4mid-phobert,0,52,42,facebook,test,52,0
ocr/dt4mid-caption-ocr,0,,56,0.32558139534883723,True,0,caption_ocr,0,dt4mid-phobert,172,0,42,threads,test,172,0
ocr/dt4mid-caption-ocr,0,,16,0.13114754098360656,False,0,caption_ocr,0,dt4mid-phobert,122,0,42,threads,test,122,0
ocr/dt4mid-caption-ocr,0,,15,0.9375,False,0,caption_ocr,0,dt4mid-phobert,16,0,42,facebook,test,16,0
ocr/dt4mid-caption-ocr,0,0.0,0,,True,1,caption_ocr,1,dt4mid-phobert,0,3,42,facebook,test,3,1
ocr/dt4mid-caption-ocr,7,0.13725490196078433,0,,True,0,caption_ocr,1,dt4mid-phobert,0,51,42,facebook,test,51,0
ocr/dt4mid-caption-ocr,1,0.02040816326530612,0,,False,0,caption_ocr,1,dt4mid-phobert,0,49,42,facebook,test,49,0
ocr/dt4mid-caption-ocr,21,0.525,0,,True,0,caption_ocr,1,dt4mid-phobert,0,40,42,threads,test,40,0
ocr/dt4mid-caption-ocr,15,0.45454545454545453,0,,True,0,caption_ocr,1,dt4mid-phobert,0,33,42,threads,test,33,1
ocr/dt4mid-caption-ocr,0,,3,1.0,True,1,caption_ocr,0,dt4mid-phobert,3,0,42,threads,test,3,0
ocr/dt4mid-caption-ocr,16,0.8,0,,False,0,caption_ocr,1,dt4mid-phobert,0,20,42,threads,test,20,0
ocr/dt4mid-caption-ocr,0,0.0,0,,False,0,caption_ocr,1,dt4mid-phobert,0,17,42,facebook,test,17,1
ocr/dt4mid-caption-ocr,3,0.2727272727272727,0,,True,1,caption_ocr,1,dt4mid-phobert,0,11,42,threads,test,11,0
ocr/dt4mid-caption-ocr,3,0.16666666666666666,0,,True,0,caption_ocr,1,dt4mid-phobert,0,18,42,facebook,test,18,1
ocr/dt4mid-caption-ocr,0,,10,0.6666666666666666,True,0,caption_ocr,0,dt4mid-phobert,15,0,42,threads,test,15,1
ocr/dt4mid-caption-ocr,0,,6,0.8571428571428571,True,1,caption_ocr,0,dt4mid-phobert,7,0,42,facebook,test,7,0
ocr/dt4mid-caption-ocr,4,0.5714285714285714,0,,True,1,caption_ocr,1,dt4mid-phobert,0,7,42,threads,test,7,1
ocr/dt4mid-caption-ocr,0,,5,0.8333333333333334,True,0,caption_ocr,0,dt4mid-phobert,6,0,42,facebook,test,6,1
ocr/dt4mid-caption-ocr,0,0.0,0,,False,1,caption_ocr,1,dt4mid-phobert,0,3,42,facebook,test,3,1
ocr/dt4mid-caption-ocr,0,,2,0.5,False,0,caption_ocr,0,dt4mid-phobert,4,0,42,threads,test,4,1
ocr/dt4mid-caption-ocr,0,,0,0.0,False,0,caption_ocr,0,dt4mid-phobert,1,0,42,facebook,test,1,1
phobert-caption,0,,44,0.6470588235294118,True,0,caption,0,phobert-base,68,0,123,facebook,test,68,0
phobert-caption,11,0.6111111111111112,0,,False,0,caption,1,phobert-base,0,18,123,threads,test,18,1
phobert-caption,7,0.1346153846153846,0,,True,1,caption,1,phobert-base,0,52,123,facebook,test,52,0
phobert-caption,0,,37,0.21511627906976744,True,0,caption,0,phobert-base,172,0,123,threads,test,172,0
phobert-caption,0,,18,0.14754098360655737,False,0,caption,0,phobert-base,122,0,123,threads,test,122,0
phobert-caption,0,,15,0.9375,False,0,caption,0,phobert-base,16,0,123,facebook,test,16,0
phobert-caption,3,1.0,0,,True,1,caption,1,phobert-base,0,3,123,facebook,test,3,1
phobert-caption,10,0.19607843137254902,0,,True,0,caption,1,phobert-base,0,51,123,facebook,test,51,0
phobert-caption,2,0.04081632653061224,0,,False,0,caption,1,phobert-base,0,49,123,facebook,test,49,0
phobert-caption,22,0.55,0,,True,0,caption,1,phobert-base,0,40,123,threads,test,40,0
phobert-caption,24,0.7272727272727273,0,,True,0,caption,1,phobert-base,0,33,123,threads,test,33,1
phobert-caption,0,,2,0.6666666666666666,True,1,caption,0,phobert-base,3,0,123,threads,test,3,0
phobert-caption,13,0.65,0,,False,0,caption,1,phobert-base,0,20,123,threads,test,20,0
phobert-caption,0,0.0,0,,False,0,caption,1,phobert-base,0,17,123,facebook,test,17,1
phobert-caption,5,0.45454545454545453,0,,True,1,caption,1,phobert-base,0,11,123,threads,test,11,0
phobert-caption,4,0.2222222222222222,0,,True,0,caption,1,phobert-base,0,18,123,facebook,test,18,1
phobert-caption,0,,4,0.26666666666666666,True,0,caption,0,phobert-base,15,0,123,threads,test,15,1
phobert-caption,0,,4,0.5714285714285714,True,1,caption,0,phobert-base,7,0,123,facebook,test,7,0
phobert-caption,5,0.7142857142857143,0,,True,1,caption,1,phobert-base,0,7,123,threads,test,7,1
phobert-caption,0,,4,0.6666666666666666,True,0,caption,0,phobert-base,6,0,123,facebook,test,6,1
phobert-caption,0,0.0,0,,False,1,caption,1,phobert-base,0,3,123,facebook,test,3,1
phobert-caption,0,,1,0.25,False,0,caption,0,phobert-base,4,0,123,threads,test,4,1
phobert-caption,0,,0,0.0,False,0,caption,0,phobert-base,1,0,123,facebook,test,1,1
phobert-caption,0,,45,0.6617647058823529,True,0,caption,0,phobert-base,68,0,2026,facebook,test,68,0
phobert-caption,7,0.3888888888888889,0,,False,0,caption,1,phobert-base,0,18,2026,threads,test,18,1
phobert-caption,9,0.17307692307692307,0,,True,1,caption,1,phobert-base,0,52,2026,facebook,test,52,0
phobert-caption,0,,36,0.20930232558139536,True,0,caption,0,phobert-base,172,0,2026,threads,test,172,0
phobert-caption,0,,28,0.22950819672131148,False,0,caption,0,phobert-base,122,0,2026,threads,test,122,0
phobert-caption,0,,15,0.9375,False,0,caption,0,phobert-base,16,0,2026,facebook,test,16,0
phobert-caption,1,0.3333333333333333,0,,True,1,caption,1,phobert-base,0,3,2026,facebook,test,3,1
phobert-caption,6,0.11764705882352941,0,,True,0,caption,1,phobert-base,0,51,2026,facebook,test,51,0
phobert-caption,1,0.02040816326530612,0,,False,0,caption,1,phobert-base,0,49,2026,facebook,test,49,0
phobert-caption,25,0.625,0,,True,0,caption,1,phobert-base,0,40,2026,threads,test,40,0
phobert-caption,13,0.3939393939393939,0,,True,0,caption,1,phobert-base,0,33,2026,threads,test,33,1
phobert-caption,0,,0,0.0,True,1,caption,0,phobert-base,3,0,2026,threads,test,3,0
phobert-caption,10,0.5,0,,False,0,caption,1,phobert-base,0,20,2026,threads,test,20,0
phobert-caption,1,0.058823529411764705,0,,False,0,caption,1,phobert-base,0,17,2026,facebook,test,17,1
phobert-caption,5,0.45454545454545453,0,,True,1,caption,1,phobert-base,0,11,2026,threads,test,11,0
phobert-caption,3,0.16666666666666666,0,,True,0,caption,1,phobert-base,0,18,2026,facebook,test,18,1
phobert-caption,0,,8,0.5333333333333333,True,0,caption,0,phobert-base,15,0,2026,threads,test,15,1
phobert-caption,0,,4,0.5714285714285714,True,1,caption,0,phobert-base,7,0,2026,facebook,test,7,0
phobert-caption,6,0.8571428571428571,0,,True,1,caption,1,phobert-base,0,7,2026,threads,test,7,1
phobert-caption,0,,3,0.5,True,0,caption,0,phobert-base,6,0,2026,facebook,test,6,1
phobert-caption,0,0.0,0,,False,1,caption,1,phobert-base,0,3,2026,facebook,test,3,1
phobert-caption,0,,1,0.25,False,0,caption,0,phobert-base,4,0,2026,threads,test,4,1
phobert-caption,0,,0,0.0,False,0,caption,0,phobert-base,1,0,2026,facebook,test,1,1
phobert-caption,0,,48,0.7058823529411765,True,0,caption,0,phobert-base,68,0,42,facebook,test,68,0
phobert-caption,10,0.5555555555555556,0,,False,0,caption,1,phobert-base,0,18,42,threads,test,18,1
phobert-caption,6,0.11538461538461539,0,,True,1,caption,1,phobert-base,0,52,42,facebook,test,52,0
phobert-caption,0,,32,0.18604651162790697,True,0,caption,0,phobert-base,172,0,42,threads,test,172,0
phobert-caption,0,,22,0.18032786885245902,False,0,caption,0,phobert-base,122,0,42,threads,test,122,0
phobert-caption,0,,15,0.9375,False,0,caption,0,phobert-base,16,0,42,facebook,test,16,0
phobert-caption,3,1.0,0,,True,1,caption,1,phobert-base,0,3,42,facebook,test,3,1
phobert-caption,8,0.1568627450980392,0,,True,0,caption,1,phobert-base,0,51,42,facebook,test,51,0
phobert-caption,2,0.04081632653061224,0,,False,0,caption,1,phobert-base,0,49,42,facebook,test,49,0
phobert-caption,26,0.65,0,,True,0,caption,1,phobert-base,0,40,42,threads,test,40,0
phobert-caption,25,0.7575757575757576,0,,True,0,caption,1,phobert-base,0,33,42,threads,test,33,1
phobert-caption,0,,1,0.3333333333333333,True,1,caption,0,phobert-base,3,0,42,threads,test,3,0
phobert-caption,13,0.65,0,,False,0,caption,1,phobert-base,0,20,42,threads,test,20,0
phobert-caption,0,0.0,0,,False,0,caption,1,phobert-base,0,17,42,facebook,test,17,1
phobert-caption,3,0.2727272727272727,0,,True,1,caption,1,phobert-base,0,11,42,threads,test,11,0
phobert-caption,2,0.1111111111111111,0,,True,0,caption,1,phobert-base,0,18,42,facebook,test,18,1
phobert-caption,0,,4,0.26666666666666666,True,0,caption,0,phobert-base,15,0,42,threads,test,15,1
phobert-caption,0,,5,0.7142857142857143,True,1,caption,0,phobert-base,7,0,42,facebook,test,7,0
phobert-caption,5,0.7142857142857143,0,,True,1,caption,1,phobert-base,0,7,42,threads,test,7,1
phobert-caption,0,,4,0.6666666666666666,True,0,caption,0,phobert-base,6,0,42,facebook,test,6,1
phobert-caption,0,0.0,0,,False,1,caption,1,phobert-base,0,3,42,facebook,test,3,1
phobert-caption,0,,2,0.5,False,0,caption,0,phobert-base,4,0,42,threads,test,4,1
phobert-caption,0,,0,0.0,False,0,caption,0,phobert-base,1,0,42,facebook,test,1,1
phobert-caption-ocr,0,,50,0.7352941176470589,True,0,caption_ocr,0,phobert-base,68,0,123,facebook,test,68,0
phobert-caption-ocr,13,0.7222222222222222,0,,False,0,caption_ocr,1,phobert-base,0,18,123,threads,test,18,1
phobert-caption-ocr,2,0.038461538461538464,0,,True,1,caption_ocr,1,phobert-base,0,52,123,facebook,test,52,0
phobert-caption-ocr,0,,41,0.23837209302325582,True,0,caption_ocr,0,phobert-base,172,0,123,threads,test,172,0
phobert-caption-ocr,0,,7,0.05737704918032787,False,0,caption_ocr,0,phobert-base,122,0,123,threads,test,122,0
phobert-caption-ocr,0,,14,0.875,False,0,caption_ocr,0,phobert-base,16,0,123,facebook,test,16,0
phobert-caption-ocr,1,0.3333333333333333,0,,True,1,caption_ocr,1,phobert-base,0,3,123,facebook,test,3,1
phobert-caption-ocr,11,0.21568627450980393,0,,True,0,caption_ocr,1,phobert-base,0,51,123,facebook,test,51,0
phobert-caption-ocr,4,0.08163265306122448,0,,False,0,caption_ocr,1,phobert-base,0,49,123,facebook,test,49,0
phobert-caption-ocr,15,0.375,0,,True,0,caption_ocr,1,phobert-base,0,40,123,threads,test,40,0
phobert-caption-ocr,13,0.3939393939393939,0,,True,0,caption_ocr,1,phobert-base,0,33,123,threads,test,33,1
phobert-caption-ocr,0,,1,0.3333333333333333,True,1,caption_ocr,0,phobert-base,3,0,123,threads,test,3,0
phobert-caption-ocr,18,0.9,0,,False,0,caption_ocr,1,phobert-base,0,20,123,threads,test,20,0
phobert-caption-ocr,2,0.11764705882352941,0,,False,0,caption_ocr,1,phobert-base,0,17,123,facebook,test,17,1
phobert-caption-ocr,1,0.09090909090909091,0,,True,1,caption_ocr,1,phobert-base,0,11,123,threads,test,11,0
phobert-caption-ocr,5,0.2777777777777778,0,,True,0,caption_ocr,1,phobert-base,0,18,123,facebook,test,18,1
phobert-caption-ocr,0,,7,0.4666666666666667,True,0,caption_ocr,0,phobert-base,15,0,123,threads,test,15,1
phobert-caption-ocr,0,,5,0.7142857142857143,True,1,caption_ocr,0,phobert-base,7,0,123,facebook,test,7,0
phobert-caption-ocr,4,0.5714285714285714,0,,True,1,caption_ocr,1,phobert-base,0,7,123,threads,test,7,1
phobert-caption-ocr,0,,3,0.5,True,0,caption_ocr,0,phobert-base,6,0,123,facebook,test,6,1
phobert-caption-ocr,0,0.0,0,,False,1,caption_ocr,1,phobert-base,0,3,123,facebook,test,3,1
phobert-caption-ocr,0,,1,0.25,False,0,caption_ocr,0,phobert-base,4,0,123,threads,test,4,1
phobert-caption-ocr,0,,0,0.0,False,0,caption_ocr,0,phobert-base,1,0,123,facebook,test,1,1
phobert-caption-ocr,0,,36,0.5294117647058824,True,0,caption_ocr,0,phobert-base,68,0,2026,facebook,test,68,0
phobert-caption-ocr,11,0.6111111111111112,0,,False,0,caption_ocr,1,phobert-base,0,18,2026,threads,test,18,1
phobert-caption-ocr,6,0.11538461538461539,0,,True,1,caption_ocr,1,phobert-base,0,52,2026,facebook,test,52,0
phobert-caption-ocr,0,,27,0.1569767441860465,True,0,caption_ocr,0,phobert-base,172,0,2026,threads,test,172,0
phobert-caption-ocr,0,,7,0.05737704918032787,False,0,caption_ocr,0,phobert-base,122,0,2026,threads,test,122,0
phobert-caption-ocr,0,,11,0.6875,False,0,caption_ocr,0,phobert-base,16,0,2026,facebook,test,16,0
phobert-caption-ocr,2,0.6666666666666666,0,,True,1,caption_ocr,1,phobert-base,0,3,2026,facebook,test,3,1
phobert-caption-ocr,15,0.29411764705882354,0,,True,0,caption_ocr,1,phobert-base,0,51,2026,facebook,test,51,0
phobert-caption-ocr,5,0.10204081632653061,0,,False,0,caption_ocr,1,phobert-base,0,49,2026,facebook,test,49,0
phobert-caption-ocr,24,0.6,0,,True,0,caption_ocr,1,phobert-base,0,40,2026,threads,test,40,0
phobert-caption-ocr,18,0.5454545454545454,0,,True,0,caption_ocr,1,phobert-base,0,33,2026,threads,test,33,1
phobert-caption-ocr,0,,1,0.3333333333333333,True,1,caption_ocr,0,phobert-base,3,0,2026,threads,test,3,0
phobert-caption-ocr,16,0.8,0,,False,0,caption_ocr,1,phobert-base,0,20,2026,threads,test,20,0
phobert-caption-ocr,1,0.058823529411764705,0,,False,0,caption_ocr,1,phobert-base,0,17,2026,facebook,test,17,1
phobert-caption-ocr,2,0.18181818181818182,0,,True,1,caption_ocr,1,phobert-base,0,11,2026,threads,test,11,0
phobert-caption-ocr,9,0.5,0,,True,0,caption_ocr,1,phobert-base,0,18,2026,facebook,test,18,1
phobert-caption-ocr,0,,5,0.3333333333333333,True,0,caption_ocr,0,phobert-base,15,0,2026,threads,test,15,1
phobert-caption-ocr,0,,2,0.2857142857142857,True,1,caption_ocr,0,phobert-base,7,0,2026,facebook,test,7,0
phobert-caption-ocr,4,0.5714285714285714,0,,True,1,caption_ocr,1,phobert-base,0,7,2026,threads,test,7,1
phobert-caption-ocr,0,,3,0.5,True,0,caption_ocr,0,phobert-base,6,0,2026,facebook,test,6,1
phobert-caption-ocr,1,0.3333333333333333,0,,False,1,caption_ocr,1,phobert-base,0,3,2026,facebook,test,3,1
phobert-caption-ocr,0,,1,0.25,False,0,caption_ocr,0,phobert-base,4,0,2026,threads,test,4,1
phobert-caption-ocr,0,,0,0.0,False,0,caption_ocr,0,phobert-base,1,0,2026,facebook,test,1,1
phobert-caption-ocr,0,,52,0.7647058823529411,True,0,caption_ocr,0,phobert-base,68,0,42,facebook,test,68,0
phobert-caption-ocr,11,0.6111111111111112,0,,False,0,caption_ocr,1,phobert-base,0,18,42,threads,test,18,1
phobert-caption-ocr,2,0.038461538461538464,0,,True,1,caption_ocr,1,phobert-base,0,52,42,facebook,test,52,0
phobert-caption-ocr,0,,54,0.313953488372093,True,0,caption_ocr,0,phobert-base,172,0,42,threads,test,172,0
phobert-caption-ocr,0,,11,0.09016393442622951,False,0,caption_ocr,0,phobert-base,122,0,42,threads,test,122,0
phobert-caption-ocr,0,,14,0.875,False,0,caption_ocr,0,phobert-base,16,0,42,facebook,test,16,0
phobert-caption-ocr,2,0.6666666666666666,0,,True,1,caption_ocr,1,phobert-base,0,3,42,facebook,test,3,1
phobert-caption-ocr,7,0.13725490196078433,0,,True,0,caption_ocr,1,phobert-base,0,51,42,facebook,test,51,0
phobert-caption-ocr,3,0.061224489795918366,0,,False,0,caption_ocr,1,phobert-base,0,49,42,facebook,test,49,0
phobert-caption-ocr,16,0.4,0,,True,0,caption_ocr,1,phobert-base,0,40,42,threads,test,40,0
phobert-caption-ocr,11,0.3333333333333333,0,,True,0,caption_ocr,1,phobert-base,0,33,42,threads,test,33,1
phobert-caption-ocr,0,,2,0.6666666666666666,True,1,caption_ocr,0,phobert-base,3,0,42,threads,test,3,0
phobert-caption-ocr,18,0.9,0,,False,0,caption_ocr,1,phobert-base,0,20,42,threads,test,20,0
phobert-caption-ocr,1,0.058823529411764705,0,,False,0,caption_ocr,1,phobert-base,0,17,42,facebook,test,17,1
phobert-caption-ocr,1,0.09090909090909091,0,,True,1,caption_ocr,1,phobert-base,0,11,42,threads,test,11,0
phobert-caption-ocr,4,0.2222222222222222,0,,True,0,caption_ocr,1,phobert-base,0,18,42,facebook,test,18,1
phobert-caption-ocr,0,,6,0.4,True,0,caption_ocr,0,phobert-base,15,0,42,threads,test,15,1
phobert-caption-ocr,0,,6,0.8571428571428571,True,1,caption_ocr,0,phobert-base,7,0,42,facebook,test,7,0
phobert-caption-ocr,4,0.5714285714285714,0,,True,1,caption_ocr,1,phobert-base,0,7,42,threads,test,7,1
phobert-caption-ocr,0,,4,0.6666666666666666,True,0,caption_ocr,0,phobert-base,6,0,42,facebook,test,6,1
phobert-caption-ocr,0,0.0,0,,False,1,caption_ocr,1,phobert-base,0,3,42,facebook,test,3,1
phobert-caption-ocr,0,,1,0.25,False,0,caption_ocr,0,phobert-base,4,0,42,threads,test,4,1
phobert-caption-ocr,0,,0,0.0,False,0,caption_ocr,0,phobert-base,1,0,42,facebook,test,1,1
phobert-ocr,0,,39,0.5735294117647058,True,0,ocr,0,phobert-base,68,0,123,facebook,test,68,0
phobert-ocr,18,1.0,0,,False,0,ocr,1,phobert-base,0,18,123,threads,test,18,1
phobert-ocr,6,0.11538461538461539,0,,True,1,ocr,1,phobert-base,0,52,123,facebook,test,52,0
phobert-ocr,0,,44,0.2558139534883721,True,0,ocr,0,phobert-base,172,0,123,threads,test,172,0
phobert-ocr,0,,0,0.0,False,0,ocr,0,phobert-base,122,0,123,threads,test,122,0
phobert-ocr,0,,0,0.0,False,0,ocr,0,phobert-base,16,0,123,facebook,test,16,0
phobert-ocr,2,0.6666666666666666,0,,True,1,ocr,1,phobert-base,0,3,123,facebook,test,3,1
phobert-ocr,24,0.47058823529411764,0,,True,0,ocr,1,phobert-base,0,51,123,facebook,test,51,0
phobert-ocr,49,1.0,0,,False,0,ocr,1,phobert-base,0,49,123,facebook,test,49,0
phobert-ocr,27,0.675,0,,True,0,ocr,1,phobert-base,0,40,123,threads,test,40,0
phobert-ocr,18,0.5454545454545454,0,,True,0,ocr,1,phobert-base,0,33,123,threads,test,33,1
phobert-ocr,0,,3,1.0,True,1,ocr,0,phobert-base,3,0,123,threads,test,3,0
phobert-ocr,20,1.0,0,,False,0,ocr,1,phobert-base,0,20,123,threads,test,20,0
phobert-ocr,17,1.0,0,,False,0,ocr,1,phobert-base,0,17,123,facebook,test,17,1
phobert-ocr,5,0.45454545454545453,0,,True,1,ocr,1,phobert-base,0,11,123,threads,test,11,0
phobert-ocr,9,0.5,0,,True,0,ocr,1,phobert-base,0,18,123,facebook,test,18,1
phobert-ocr,0,,4,0.26666666666666666,True,0,ocr,0,phobert-base,15,0,123,threads,test,15,1
phobert-ocr,0,,7,1.0,True,1,ocr,0,phobert-base,7,0,123,facebook,test,7,0
phobert-ocr,3,0.42857142857142855,0,,True,1,ocr,1,phobert-base,0,7,123,threads,test,7,1
phobert-ocr,0,,3,0.5,True,0,ocr,0,phobert-base,6,0,123,facebook,test,6,1
phobert-ocr,3,1.0,0,,False,1,ocr,1,phobert-base,0,3,123,facebook,test,3,1
phobert-ocr,0,,0,0.0,False,0,ocr,0,phobert-base,4,0,123,threads,test,4,1
phobert-ocr,0,,0,0.0,False,0,ocr,0,phobert-base,1,0,123,facebook,test,1,1
phobert-ocr,0,,45,0.6617647058823529,True,0,ocr,0,phobert-base,68,0,2026,facebook,test,68,0
phobert-ocr,18,1.0,0,,False,0,ocr,1,phobert-base,0,18,2026,threads,test,18,1
phobert-ocr,4,0.07692307692307693,0,,True,1,ocr,1,phobert-base,0,52,2026,facebook,test,52,0
phobert-ocr,0,,45,0.2616279069767442,True,0,ocr,0,phobert-base,172,0,2026,threads,test,172,0
phobert-ocr,0,,0,0.0,False,0,ocr,0,phobert-base,122,0,2026,threads,test,122,0
phobert-ocr,0,,0,0.0,False,0,ocr,0,phobert-base,16,0,2026,facebook,test,16,0
phobert-ocr,2,0.6666666666666666,0,,True,1,ocr,1,phobert-base,0,3,2026,facebook,test,3,1
phobert-ocr,22,0.43137254901960786,0,,True,0,ocr,1,phobert-base,0,51,2026,facebook,test,51,0
phobert-ocr,49,1.0,0,,False,0,ocr,1,phobert-base,0,49,2026,facebook,test,49,0
phobert-ocr,23,0.575,0,,True,0,ocr,1,phobert-base,0,40,2026,threads,test,40,0
phobert-ocr,17,0.5151515151515151,0,,True,0,ocr,1,phobert-base,0,33,2026,threads,test,33,1
phobert-ocr,0,,3,1.0,True,1,ocr,0,phobert-base,3,0,2026,threads,test,3,0
phobert-ocr,20,1.0,0,,False,0,ocr,1,phobert-base,0,20,2026,threads,test,20,0
phobert-ocr,17,1.0,0,,False,0,ocr,1,phobert-base,0,17,2026,facebook,test,17,1
phobert-ocr,3,0.2727272727272727,0,,True,1,ocr,1,phobert-base,0,11,2026,threads,test,11,0
phobert-ocr,8,0.4444444444444444,0,,True,0,ocr,1,phobert-base,0,18,2026,facebook,test,18,1
phobert-ocr,0,,7,0.4666666666666667,True,0,ocr,0,phobert-base,15,0,2026,threads,test,15,1
phobert-ocr,0,,7,1.0,True,1,ocr,0,phobert-base,7,0,2026,facebook,test,7,0
phobert-ocr,3,0.42857142857142855,0,,True,1,ocr,1,phobert-base,0,7,2026,threads,test,7,1
phobert-ocr,0,,3,0.5,True,0,ocr,0,phobert-base,6,0,2026,facebook,test,6,1
phobert-ocr,3,1.0,0,,False,1,ocr,1,phobert-base,0,3,2026,facebook,test,3,1
phobert-ocr,0,,0,0.0,False,0,ocr,0,phobert-base,4,0,2026,threads,test,4,1
phobert-ocr,0,,0,0.0,False,0,ocr,0,phobert-base,1,0,2026,facebook,test,1,1
phobert-ocr,0,,44,0.6470588235294118,True,0,ocr,0,phobert-base,68,0,42,facebook,test,68,0
phobert-ocr,18,1.0,0,,False,0,ocr,1,phobert-base,0,18,42,threads,test,18,1
phobert-ocr,7,0.1346153846153846,0,,True,1,ocr,1,phobert-base,0,52,42,facebook,test,52,0
phobert-ocr,0,,60,0.3488372093023256,True,0,ocr,0,phobert-base,172,0,42,threads,test,172,0
phobert-ocr,0,,0,0.0,False,0,ocr,0,phobert-base,122,0,42,threads,test,122,0
phobert-ocr,0,,0,0.0,False,0,ocr,0,phobert-base,16,0,42,facebook,test,16,0
phobert-ocr,2,0.6666666666666666,0,,True,1,ocr,1,phobert-base,0,3,42,facebook,test,3,1
phobert-ocr,20,0.39215686274509803,0,,True,0,ocr,1,phobert-base,0,51,42,facebook,test,51,0
phobert-ocr,49,1.0,0,,False,0,ocr,1,phobert-base,0,49,42,facebook,test,49,0
phobert-ocr,22,0.55,0,,True,0,ocr,1,phobert-base,0,40,42,threads,test,40,0
phobert-ocr,13,0.3939393939393939,0,,True,0,ocr,1,phobert-base,0,33,42,threads,test,33,1
phobert-ocr,0,,3,1.0,True,1,ocr,0,phobert-base,3,0,42,threads,test,3,0
phobert-ocr,20,1.0,0,,False,0,ocr,1,phobert-base,0,20,42,threads,test,20,0
phobert-ocr,17,1.0,0,,False,0,ocr,1,phobert-base,0,17,42,facebook,test,17,1
phobert-ocr,3,0.2727272727272727,0,,True,1,ocr,1,phobert-base,0,11,42,threads,test,11,0
phobert-ocr,6,0.3333333333333333,0,,True,0,ocr,1,phobert-base,0,18,42,facebook,test,18,1
phobert-ocr,0,,7,0.4666666666666667,True,0,ocr,0,phobert-base,15,0,42,threads,test,15,1
phobert-ocr,0,,7,1.0,True,1,ocr,0,phobert-base,7,0,42,facebook,test,7,0
phobert-ocr,2,0.2857142857142857,0,,True,1,ocr,1,phobert-base,0,7,42,threads,test,7,1
phobert-ocr,0,,4,0.6666666666666666,True,0,ocr,0,phobert-base,6,0,42,facebook,test,6,1
phobert-ocr,3,1.0,0,,False,1,ocr,1,phobert-base,0,3,42,facebook,test,3,1
phobert-ocr,0,,0,0.0,False,0,ocr,0,phobert-base,4,0,42,threads,test,4,1
phobert-ocr,0,,0,0.0,False,0,ocr,0,phobert-base,1,0,42,facebook,test,1,1
platform/dt4mid-facebook-source,0,,58,0.8529411764705882,True,0,caption,0,dt4mid-phobert,68,0,123,facebook,source_test,68,0
platform/dt4mid-facebook-source,3,0.057692307692307696,0,,True,1,caption,1,dt4mid-phobert,0,52,123,facebook,source_test,52,0
platform/dt4mid-facebook-source,0,,16,1.0,False,0,caption,0,dt4mid-phobert,16,0,123,facebook,source_test,16,0
platform/dt4mid-facebook-source,0,0.0,0,,True,1,caption,1,dt4mid-phobert,0,3,123,facebook,source_test,3,1
platform/dt4mid-facebook-source,2,0.0392156862745098,0,,True,0,caption,1,dt4mid-phobert,0,51,123,facebook,source_test,51,0
platform/dt4mid-facebook-source,0,0.0,0,,False,0,caption,1,dt4mid-phobert,0,49,123,facebook,source_test,49,0
platform/dt4mid-facebook-source,0,0.0,0,,False,0,caption,1,dt4mid-phobert,0,17,123,facebook,source_test,17,1
platform/dt4mid-facebook-source,1,0.05555555555555555,0,,True,0,caption,1,dt4mid-phobert,0,18,123,facebook,source_test,18,1
platform/dt4mid-facebook-source,0,,7,1.0,True,1,caption,0,dt4mid-phobert,7,0,123,facebook,source_test,7,0
platform/dt4mid-facebook-source,0,,5,0.8333333333333334,True,0,caption,0,dt4mid-phobert,6,0,123,facebook,source_test,6,1
platform/dt4mid-facebook-source,0,0.0,0,,False,1,caption,1,dt4mid-phobert,0,3,123,facebook,source_test,3,1
platform/dt4mid-facebook-source,0,,1,1.0,False,0,caption,0,dt4mid-phobert,1,0,123,facebook,source_test,1,1
platform/dt4mid-facebook-source,1,0.05555555555555555,0,,False,0,caption,1,dt4mid-phobert,0,18,123,threads,target_test,18,1
platform/dt4mid-facebook-source,0,,157,0.9127906976744186,True,0,caption,0,dt4mid-phobert,172,0,123,threads,target_test,172,0
platform/dt4mid-facebook-source,0,,122,1.0,False,0,caption,0,dt4mid-phobert,122,0,123,threads,target_test,122,0
platform/dt4mid-facebook-source,1,0.025,0,,True,0,caption,1,dt4mid-phobert,0,40,123,threads,target_test,40,0
platform/dt4mid-facebook-source,8,0.24242424242424243,0,,True,0,caption,1,dt4mid-phobert,0,33,123,threads,target_test,33,1
platform/dt4mid-facebook-source,0,,3,1.0,True,1,caption,0,dt4mid-phobert,3,0,123,threads,target_test,3,0
platform/dt4mid-facebook-source,0,0.0,0,,False,0,caption,1,dt4mid-phobert,0,20,123,threads,target_test,20,0
platform/dt4mid-facebook-source,1,0.09090909090909091,0,,True,1,caption,1,dt4mid-phobert,0,11,123,threads,target_test,11,0
platform/dt4mid-facebook-source,0,,13,0.8666666666666667,True,0,caption,0,dt4mid-phobert,15,0,123,threads,target_test,15,1
platform/dt4mid-facebook-source,1,0.14285714285714285,0,,True,1,caption,1,dt4mid-phobert,0,7,123,threads,target_test,7,1
platform/dt4mid-facebook-source,0,,4,1.0,False,0,caption,0,dt4mid-phobert,4,0,123,threads,target_test,4,1
platform/dt4mid-facebook-source,0,,61,0.8970588235294118,True,0,caption,0,dt4mid-phobert,68,0,2026,facebook,source_test,68,0
platform/dt4mid-facebook-source,3,0.057692307692307696,0,,True,1,caption,1,dt4mid-phobert,0,52,2026,facebook,source_test,52,0
platform/dt4mid-facebook-source,0,,16,1.0,False,0,caption,0,dt4mid-phobert,16,0,2026,facebook,source_test,16,0
platform/dt4mid-facebook-source,0,0.0,0,,True,1,caption,1,dt4mid-phobert,0,3,2026,facebook,source_test,3,1
platform/dt4mid-facebook-source,3,0.058823529411764705,0,,True,0,caption,1,dt4mid-phobert,0,51,2026,facebook,source_test,51,0
platform/dt4mid-facebook-source,0,0.0,0,,False,0,caption,1,dt4mid-phobert,0,49,2026,facebook,source_test,49,0
platform/dt4mid-facebook-source,0,0.0,0,,False,0,caption,1,dt4mid-phobert,0,17,2026,facebook,source_test,17,1
platform/dt4mid-facebook-source,1,0.05555555555555555,0,,True,0,caption,1,dt4mid-phobert,0,18,2026,facebook,source_test,18,1
platform/dt4mid-facebook-source,0,,7,1.0,True,1,caption,0,dt4mid-phobert,7,0,2026,facebook,source_test,7,0
platform/dt4mid-facebook-source,0,,5,0.8333333333333334,True,0,caption,0,dt4mid-phobert,6,0,2026,facebook,source_test,6,1
platform/dt4mid-facebook-source,0,0.0,0,,False,1,caption,1,dt4mid-phobert,0,3,2026,facebook,source_test,3,1
platform/dt4mid-facebook-source,0,,1,1.0,False,0,caption,0,dt4mid-phobert,1,0,2026,facebook,source_test,1,1
platform/dt4mid-facebook-source,1,0.05555555555555555,0,,False,0,caption,1,dt4mid-phobert,0,18,2026,threads,target_test,18,1
platform/dt4mid-facebook-source,0,,161,0.936046511627907,True,0,caption,0,dt4mid-phobert,172,0,2026,threads,target_test,172,0
platform/dt4mid-facebook-source,0,,121,0.9918032786885246,False,0,caption,0,dt4mid-phobert,122,0,2026,threads,target_test,122,0
platform/dt4mid-facebook-source,0,0.0,0,,True,0,caption,1,dt4mid-phobert,0,40,2026,threads,target_test,40,0
platform/dt4mid-facebook-source,2,0.06060606060606061,0,,True,0,caption,1,dt4mid-phobert,0,33,2026,threads,target_test,33,1
platform/dt4mid-facebook-source,0,,2,0.6666666666666666,True,1,caption,0,dt4mid-phobert,3,0,2026,threads,target_test,3,0
platform/dt4mid-facebook-source,0,0.0,0,,False,0,caption,1,dt4mid-phobert,0,20,2026,threads,target_test,20,0
platform/dt4mid-facebook-source,0,0.0,0,,True,1,caption,1,dt4mid-phobert,0,11,2026,threads,target_test,11,0
platform/dt4mid-facebook-source,0,,14,0.9333333333333333,True,0,caption,0,dt4mid-phobert,15,0,2026,threads,target_test,15,1
platform/dt4mid-facebook-source,0,0.0,0,,True,1,caption,1,dt4mid-phobert,0,7,2026,threads,target_test,7,1
platform/dt4mid-facebook-source,0,,4,1.0,False,0,caption,0,dt4mid-phobert,4,0,2026,threads,target_test,4,1
platform/dt4mid-facebook-source,0,,41,0.6029411764705882,True,0,caption,0,dt4mid-phobert,68,0,42,facebook,source_test,68,0
platform/dt4mid-facebook-source,4,0.07692307692307693,0,,True,1,caption,1,dt4mid-phobert,0,52,42,facebook,source_test,52,0
platform/dt4mid-facebook-source,0,,14,0.875,False,0,caption,0,dt4mid-phobert,16,0,42,facebook,source_test,16,0
platform/dt4mid-facebook-source,0,0.0,0,,True,1,caption,1,dt4mid-phobert,0,3,42,facebook,source_test,3,1
platform/dt4mid-facebook-source,10,0.19607843137254902,0,,True,0,caption,1,dt4mid-phobert,0,51,42,facebook,source_test,51,0
platform/dt4mid-facebook-source,4,0.08163265306122448,0,,False,0,caption,1,dt4mid-phobert,0,49,42,facebook,source_test,49,0
platform/dt4mid-facebook-source,1,0.058823529411764705,0,,False,0,caption,1,dt4mid-phobert,0,17,42,facebook,source_test,17,1
platform/dt4mid-facebook-source,2,0.1111111111111111,0,,True,0,caption,1,dt4mid-phobert,0,18,42,facebook,source_test,18,1
platform/dt4mid-facebook-source,0,,4,0.5714285714285714,True,1,caption,0,dt4mid-phobert,7,0,42,facebook,source_test,7,0
platform/dt4mid-facebook-source,0,,3,0.5,True,0,caption,0,dt4mid-phobert,6,0,42,facebook,source_test,6,1
platform/dt4mid-facebook-source,0,0.0,0,,False,1,caption,1,dt4mid-phobert,0,3,42,facebook,source_test,3,1
platform/dt4mid-facebook-source,0,,1,1.0,False,0,caption,0,dt4mid-phobert,1,0,42,facebook,source_test,1,1
platform/dt4mid-facebook-source,4,0.2222222222222222,0,,False,0,caption,1,dt4mid-phobert,0,18,42,threads,target_test,18,1
platform/dt4mid-facebook-source,0,,116,0.6744186046511628,True,0,caption,0,dt4mid-phobert,172,0,42,threads,target_test,172,0
platform/dt4mid-facebook-source,0,,100,0.819672131147541,False,0,caption,0,dt4mid-phobert,122,0,42,threads,target_test,122,0
platform/dt4mid-facebook-source,9,0.225,0,,True,0,caption,1,dt4mid-phobert,0,40,42,threads,target_test,40,0
platform/dt4mid-facebook-source,11,0.3333333333333333,0,,True,0,caption,1,dt4mid-phobert,0,33,42,threads,target_test,33,1
platform/dt4mid-facebook-source,0,,2,0.6666666666666666,True,1,caption,0,dt4mid-phobert,3,0,42,threads,target_test,3,0
platform/dt4mid-facebook-source,3,0.15,0,,False,0,caption,1,dt4mid-phobert,0,20,42,threads,target_test,20,0
platform/dt4mid-facebook-source,3,0.2727272727272727,0,,True,1,caption,1,dt4mid-phobert,0,11,42,threads,target_test,11,0
platform/dt4mid-facebook-source,0,,8,0.5333333333333333,True,0,caption,0,dt4mid-phobert,15,0,42,threads,target_test,15,1
platform/dt4mid-facebook-source,1,0.14285714285714285,0,,True,1,caption,1,dt4mid-phobert,0,7,42,threads,target_test,7,1
platform/dt4mid-facebook-source,0,,3,0.75,False,0,caption,0,dt4mid-phobert,4,0,42,threads,target_test,4,1
platform/dt4mid-threads-source,15,0.8333333333333334,0,,False,0,caption,1,dt4mid-phobert,0,18,123,threads,source_test,18,1
platform/dt4mid-threads-source,0,,109,0.6337209302325582,True,0,caption,0,dt4mid-phobert,172,0,123,threads,source_test,172,0
platform/dt4mid-threads-source,0,,6,0.04918032786885246,False,0,caption,0,dt4mid-phobert,122,0,123,threads,source_test,122,0
platform/dt4mid-threads-source,12,0.3,0,,True,0,caption,1,dt4mid-phobert,0,40,123,threads,source_test,40,0
platform/dt4mid-threads-source,5,0.15151515151515152,0,,True,0,caption,1,dt4mid-phobert,0,33,123,threads,source_test,33,1
platform/dt4mid-threads-source,0,,3,1.0,True,1,caption,0,dt4mid-phobert,3,0,123,threads,source_test,3,0
platform/dt4mid-threads-source,19,0.95,0,,False,0,caption,1,dt4mid-phobert,0,20,123,threads,source_test,20,0
platform/dt4mid-threads-source,3,0.2727272727272727,0,,True,1,caption,1,dt4mid-phobert,0,11,123,threads,source_test,11,0
platform/dt4mid-threads-source,0,,13,0.8666666666666667,True,0,caption,0,dt4mid-phobert,15,0,123,threads,source_test,15,1
platform/dt4mid-threads-source,0,0.0,0,,True,1,caption,1,dt4mid-phobert,0,7,123,threads,source_test,7,1
platform/dt4mid-threads-source,0,,1,0.25,False,0,caption,0,dt4mid-phobert,4,0,123,threads,source_test,4,1
platform/dt4mid-threads-source,0,,54,0.7941176470588235,True,0,caption,0,dt4mid-phobert,68,0,123,facebook,target_test,68,0
platform/dt4mid-threads-source,6,0.11538461538461539,0,,True,1,caption,1,dt4mid-phobert,0,52,123,facebook,target_test,52,0
platform/dt4mid-threads-source,0,,3,0.1875,False,0,caption,0,dt4mid-phobert,16,0,123,facebook,target_test,16,0
platform/dt4mid-threads-source,0,0.0,0,,True,1,caption,1,dt4mid-phobert,0,3,123,facebook,target_test,3,1
platform/dt4mid-threads-source,13,0.2549019607843137,0,,True,0,caption,1,dt4mid-phobert,0,51,123,facebook,target_test,51,0
platform/dt4mid-threads-source,41,0.8367346938775511,0,,False,0,caption,1,dt4mid-phobert,0,49,123,facebook,target_test,49,0
platform/dt4mid-threads-source,16,0.9411764705882353,0,,False,0,caption,1,dt4mid-phobert,0,17,123,facebook,target_test,17,1
platform/dt4mid-threads-source,7,0.3888888888888889,0,,True,0,caption,1,dt4mid-phobert,0,18,123,facebook,target_test,18,1
platform/dt4mid-threads-source,0,,5,0.7142857142857143,True,1,caption,0,dt4mid-phobert,7,0,123,facebook,target_test,7,0
platform/dt4mid-threads-source,0,,5,0.8333333333333334,True,0,caption,0,dt4mid-phobert,6,0,123,facebook,target_test,6,1
platform/dt4mid-threads-source,1,0.3333333333333333,0,,False,1,caption,1,dt4mid-phobert,0,3,123,facebook,target_test,3,1
platform/dt4mid-threads-source,0,,0,0.0,False,0,caption,0,dt4mid-phobert,1,0,123,facebook,target_test,1,1
platform/dt4mid-threads-source,16,0.8888888888888888,0,,False,0,caption,1,dt4mid-phobert,0,18,2026,threads,source_test,18,1
platform/dt4mid-threads-source,0,,46,0.26744186046511625,True,0,caption,0,dt4mid-phobert,172,0,2026,threads,source_test,172,0
platform/dt4mid-threads-source,0,,4,0.03278688524590164,False,0,caption,0,dt4mid-phobert,122,0,2026,threads,source_test,122,0
platform/dt4mid-threads-source,19,0.475,0,,True,0,caption,1,dt4mid-phobert,0,40,2026,threads,source_test,40,0
platform/dt4mid-threads-source,11,0.3333333333333333,0,,True,0,caption,1,dt4mid-phobert,0,33,2026,threads,source_test,33,1
platform/dt4mid-threads-source,0,,1,0.3333333333333333,True,1,caption,0,dt4mid-phobert,3,0,2026,threads,source_test,3,0
platform/dt4mid-threads-source,16,0.8,0,,False,0,caption,1,dt4mid-phobert,0,20,2026,threads,source_test,20,0
platform/dt4mid-threads-source,2,0.18181818181818182,0,,True,1,caption,1,dt4mid-phobert,0,11,2026,threads,source_test,11,0
platform/dt4mid-threads-source,0,,9,0.6,True,0,caption,0,dt4mid-phobert,15,0,2026,threads,source_test,15,1
platform/dt4mid-threads-source,2,0.2857142857142857,0,,True,1,caption,1,dt4mid-phobert,0,7,2026,threads,source_test,7,1
platform/dt4mid-threads-source,0,,1,0.25,False,0,caption,0,dt4mid-phobert,4,0,2026,threads,source_test,4,1
platform/dt4mid-threads-source,0,,37,0.5441176470588235,True,0,caption,0,dt4mid-phobert,68,0,2026,facebook,target_test,68,0
platform/dt4mid-threads-source,25,0.4807692307692308,0,,True,1,caption,1,dt4mid-phobert,0,52,2026,facebook,target_test,52,0
platform/dt4mid-threads-source,0,,5,0.3125,False,0,caption,0,dt4mid-phobert,16,0,2026,facebook,target_test,16,0
platform/dt4mid-threads-source,2,0.6666666666666666,0,,True,1,caption,1,dt4mid-phobert,0,3,2026,facebook,target_test,3,1
platform/dt4mid-threads-source,25,0.49019607843137253,0,,True,0,caption,1,dt4mid-phobert,0,51,2026,facebook,target_test,51,0
platform/dt4mid-threads-source,34,0.6938775510204082,0,,False,0,caption,1,dt4mid-phobert,0,49,2026,facebook,target_test,49,0
platform/dt4mid-threads-source,11,0.6470588235294118,0,,False,0,caption,1,dt4mid-phobert,0,17,2026,facebook,target_test,17,1
platform/dt4mid-threads-source,6,0.3333333333333333,0,,True,0,caption,1,dt4mid-phobert,0,18,2026,facebook,target_test,18,1
platform/dt4mid-threads-source,0,,2,0.2857142857142857,True,1,caption,0,dt4mid-phobert,7,0,2026,facebook,target_test,7,0
platform/dt4mid-threads-source,0,,2,0.3333333333333333,True,0,caption,0,dt4mid-phobert,6,0,2026,facebook,target_test,6,1
platform/dt4mid-threads-source,1,0.3333333333333333,0,,False,1,caption,1,dt4mid-phobert,0,3,2026,facebook,target_test,3,1
platform/dt4mid-threads-source,0,,0,0.0,False,0,caption,0,dt4mid-phobert,1,0,2026,facebook,target_test,1,1
platform/dt4mid-threads-source,17,0.9444444444444444,0,,False,0,caption,1,dt4mid-phobert,0,18,42,threads,source_test,18,1
platform/dt4mid-threads-source,0,,53,0.3081395348837209,True,0,caption,0,dt4mid-phobert,172,0,42,threads,source_test,172,0
platform/dt4mid-threads-source,0,,8,0.06557377049180328,False,0,caption,0,dt4mid-phobert,122,0,42,threads,source_test,122,0
platform/dt4mid-threads-source,18,0.45,0,,True,0,caption,1,dt4mid-phobert,0,40,42,threads,source_test,40,0
platform/dt4mid-threads-source,22,0.6666666666666666,0,,True,0,caption,1,dt4mid-phobert,0,33,42,threads,source_test,33,1
platform/dt4mid-threads-source,0,,2,0.6666666666666666,True,1,caption,0,dt4mid-phobert,3,0,42,threads,source_test,3,0
platform/dt4mid-threads-source,18,0.9,0,,False,0,caption,1,dt4mid-phobert,0,20,42,threads,source_test,20,0
platform/dt4mid-threads-source,2,0.18181818181818182,0,,True,1,caption,1,dt4mid-phobert,0,11,42,threads,source_test,11,0
platform/dt4mid-threads-source,0,,3,0.2,True,0,caption,0,dt4mid-phobert,15,0,42,threads,source_test,15,1
platform/dt4mid-threads-source,3,0.42857142857142855,0,,True,1,caption,1,dt4mid-phobert,0,7,42,threads,source_test,7,1
platform/dt4mid-threads-source,0,,0,0.0,False,0,caption,0,dt4mid-phobert,4,0,42,threads,source_test,4,1
platform/dt4mid-threads-source,0,,37,0.5441176470588235,True,0,caption,0,dt4mid-phobert,68,0,42,facebook,target_test,68,0
platform/dt4mid-threads-source,12,0.23076923076923078,0,,True,1,caption,1,dt4mid-phobert,0,52,42,facebook,target_test,52,0
platform/dt4mid-threads-source,0,,9,0.5625,False,0,caption,0,dt4mid-phobert,16,0,42,facebook,target_test,16,0
platform/dt4mid-threads-source,1,0.3333333333333333,0,,True,1,caption,1,dt4mid-phobert,0,3,42,facebook,target_test,3,1
platform/dt4mid-threads-source,20,0.39215686274509803,0,,True,0,caption,1,dt4mid-phobert,0,51,42,facebook,target_test,51,0
platform/dt4mid-threads-source,27,0.5510204081632653,0,,False,0,caption,1,dt4mid-phobert,0,49,42,facebook,target_test,49,0
platform/dt4mid-threads-source,11,0.6470588235294118,0,,False,0,caption,1,dt4mid-phobert,0,17,42,facebook,target_test,17,1
platform/dt4mid-threads-source,6,0.3333333333333333,0,,True,0,caption,1,dt4mid-phobert,0,18,42,facebook,target_test,18,1
platform/dt4mid-threads-source,0,,4,0.5714285714285714,True,1,caption,0,dt4mid-phobert,7,0,42,facebook,target_test,7,0
platform/dt4mid-threads-source,0,,4,0.6666666666666666,True,0,caption,0,dt4mid-phobert,6,0,42,facebook,target_test,6,1
platform/dt4mid-threads-source,2,0.6666666666666666,0,,False,1,caption,1,dt4mid-phobert,0,3,42,facebook,target_test,3,1
platform/dt4mid-threads-source,0,,0,0.0,False,0,caption,0,dt4mid-phobert,1,0,42,facebook,target_test,1,1
platform/phobert-facebook-source,0,,35,0.5147058823529411,True,0,caption,0,phobert-base,68,0,123,facebook,source_test,68,0
platform/phobert-facebook-source,11,0.21153846153846154,0,,True,1,caption,1,phobert-base,0,52,123,facebook,source_test,52,0
platform/phobert-facebook-source,0,,14,0.875,False,0,caption,0,phobert-base,16,0,123,facebook,source_test,16,0
platform/phobert-facebook-source,1,0.3333333333333333,0,,True,1,caption,1,phobert-base,0,3,123,facebook,source_test,3,1
platform/phobert-facebook-source,15,0.29411764705882354,0,,True,0,caption,1,phobert-base,0,51,123,facebook,source_test,51,0
platform/phobert-facebook-source,2,0.04081632653061224,0,,False,0,caption,1,phobert-base,0,49,123,facebook,source_test,49,0
platform/phobert-facebook-source,2,0.11764705882352941,0,,False,0,caption,1,phobert-base,0,17,123,facebook,source_test,17,1
platform/phobert-facebook-source,8,0.4444444444444444,0,,True,0,caption,1,phobert-base,0,18,123,facebook,source_test,18,1
platform/phobert-facebook-source,0,,4,0.5714285714285714,True,1,caption,0,phobert-base,7,0,123,facebook,source_test,7,0
platform/phobert-facebook-source,0,,4,0.6666666666666666,True,0,caption,0,phobert-base,6,0,123,facebook,source_test,6,1
platform/phobert-facebook-source,0,0.0,0,,False,1,caption,1,phobert-base,0,3,123,facebook,source_test,3,1
platform/phobert-facebook-source,0,,1,1.0,False,0,caption,0,phobert-base,1,0,123,facebook,source_test,1,1
platform/phobert-facebook-source,5,0.2777777777777778,0,,False,0,caption,1,phobert-base,0,18,123,threads,target_test,18,1
platform/phobert-facebook-source,0,,117,0.6802325581395349,True,0,caption,0,phobert-base,172,0,123,threads,target_test,172,0
platform/phobert-facebook-source,0,,82,0.6721311475409836,False,0,caption,0,phobert-base,122,0,123,threads,target_test,122,0
platform/phobert-facebook-source,14,0.35,0,,True,0,caption,1,phobert-base,0,40,123,threads,target_test,40,0
platform/phobert-facebook-source,13,0.3939393939393939,0,,True,0,caption,1,phobert-base,0,33,123,threads,target_test,33,1
platform/phobert-facebook-source,0,,1,0.3333333333333333,True,1,caption,0,phobert-base,3,0,123,threads,target_test,3,0
platform/phobert-facebook-source,6,0.3,0,,False,0,caption,1,phobert-base,0,20,123,threads,target_test,20,0
platform/phobert-facebook-source,1,0.09090909090909091,0,,True,1,caption,1,phobert-base,0,11,123,threads,target_test,11,0
platform/phobert-facebook-source,0,,6,0.4,True,0,caption,0,phobert-base,15,0,123,threads,target_test,15,1
platform/phobert-facebook-source,3,0.42857142857142855,0,,True,1,caption,1,phobert-base,0,7,123,threads,target_test,7,1
platform/phobert-facebook-source,0,,3,0.75,False,0,caption,0,phobert-base,4,0,123,threads,target_test,4,1
platform/phobert-facebook-source,0,,31,0.45588235294117646,True,0,caption,0,phobert-base,68,0,2026,facebook,source_test,68,0
platform/phobert-facebook-source,14,0.2692307692307692,0,,True,1,caption,1,phobert-base,0,52,2026,facebook,source_test,52,0
platform/phobert-facebook-source,0,,13,0.8125,False,0,caption,0,phobert-base,16,0,2026,facebook,source_test,16,0
platform/phobert-facebook-source,1,0.3333333333333333,0,,True,1,caption,1,phobert-base,0,3,2026,facebook,source_test,3,1
platform/phobert-facebook-source,13,0.2549019607843137,0,,True,0,caption,1,phobert-base,0,51,2026,facebook,source_test,51,0
platform/phobert-facebook-source,4,0.08163265306122448,0,,False,0,caption,1,phobert-base,0,49,2026,facebook,source_test,49,0
platform/phobert-facebook-source,7,0.4117647058823529,0,,False,0,caption,1,phobert-base,0,17,2026,facebook,source_test,17,1
platform/phobert-facebook-source,10,0.5555555555555556,0,,True,0,caption,1,phobert-base,0,18,2026,facebook,source_test,18,1
platform/phobert-facebook-source,0,,4,0.5714285714285714,True,1,caption,0,phobert-base,7,0,2026,facebook,source_test,7,0
platform/phobert-facebook-source,0,,2,0.3333333333333333,True,0,caption,0,phobert-base,6,0,2026,facebook,source_test,6,1
platform/phobert-facebook-source,0,0.0,0,,False,1,caption,1,phobert-base,0,3,2026,facebook,source_test,3,1
platform/phobert-facebook-source,0,,1,1.0,False,0,caption,0,phobert-base,1,0,2026,facebook,source_test,1,1
platform/phobert-facebook-source,5,0.2777777777777778,0,,False,0,caption,1,phobert-base,0,18,2026,threads,target_test,18,1
platform/phobert-facebook-source,0,,78,0.45348837209302323,True,0,caption,0,phobert-base,172,0,2026,threads,target_test,172,0
platform/phobert-facebook-source,0,,63,0.5163934426229508,False,0,caption,0,phobert-base,122,0,2026,threads,target_test,122,0
platform/phobert-facebook-source,13,0.325,0,,True,0,caption,1,phobert-base,0,40,2026,threads,target_test,40,0
platform/phobert-facebook-source,19,0.5757575757575758,0,,True,0,caption,1,phobert-base,0,33,2026,threads,target_test,33,1
platform/phobert-facebook-source,0,,0,0.0,True,1,caption,0,phobert-base,3,0,2026,threads,target_test,3,0
platform/phobert-facebook-source,12,0.6,0,,False,0,caption,1,phobert-base,0,20,2026,threads,target_test,20,0
platform/phobert-facebook-source,4,0.36363636363636365,0,,True,1,caption,1,phobert-base,0,11,2026,threads,target_test,11,0
platform/phobert-facebook-source,0,,4,0.26666666666666666,True,0,caption,0,phobert-base,15,0,2026,threads,target_test,15,1
platform/phobert-facebook-source,2,0.2857142857142857,0,,True,1,caption,1,phobert-base,0,7,2026,threads,target_test,7,1
platform/phobert-facebook-source,0,,3,0.75,False,0,caption,0,phobert-base,4,0,2026,threads,target_test,4,1
platform/phobert-facebook-source,0,,35,0.5147058823529411,True,0,caption,0,phobert-base,68,0,42,facebook,source_test,68,0
platform/phobert-facebook-source,11,0.21153846153846154,0,,True,1,caption,1,phobert-base,0,52,42,facebook,source_test,52,0
platform/phobert-facebook-source,0,,14,0.875,False,0,caption,0,phobert-base,16,0,42,facebook,source_test,16,0
platform/phobert-facebook-source,2,0.6666666666666666,0,,True,1,caption,1,phobert-base,0,3,42,facebook,source_test,3,1
platform/phobert-facebook-source,11,0.21568627450980393,0,,True,0,caption,1,phobert-base,0,51,42,facebook,source_test,51,0
platform/phobert-facebook-source,1,0.02040816326530612,0,,False,0,caption,1,phobert-base,0,49,42,facebook,source_test,49,0
platform/phobert-facebook-source,3,0.17647058823529413,0,,False,0,caption,1,phobert-base,0,17,42,facebook,source_test,17,1
platform/phobert-facebook-source,10,0.5555555555555556,0,,True,0,caption,1,phobert-base,0,18,42,facebook,source_test,18,1
platform/phobert-facebook-source,0,,4,0.5714285714285714,True,1,caption,0,phobert-base,7,0,42,facebook,source_test,7,0
platform/phobert-facebook-source,0,,4,0.6666666666666666,True,0,caption,0,phobert-base,6,0,42,facebook,source_test,6,1
platform/phobert-facebook-source,0,0.0,0,,False,1,caption,1,phobert-base,0,3,42,facebook,source_test,3,1
platform/phobert-facebook-source,0,,1,1.0,False,0,caption,0,phobert-base,1,0,42,facebook,source_test,1,1
platform/phobert-facebook-source,5,0.2777777777777778,0,,False,0,caption,1,phobert-base,0,18,42,threads,target_test,18,1
platform/phobert-facebook-source,0,,107,0.622093023255814,True,0,caption,0,phobert-base,172,0,42,threads,target_test,172,0
platform/phobert-facebook-source,0,,77,0.6311475409836066,False,0,caption,0,phobert-base,122,0,42,threads,target_test,122,0
platform/phobert-facebook-source,7,0.175,0,,True,0,caption,1,phobert-base,0,40,42,threads,target_test,40,0
platform/phobert-facebook-source,17,0.5151515151515151,0,,True,0,caption,1,phobert-base,0,33,42,threads,target_test,33,1
platform/phobert-facebook-source,0,,2,0.6666666666666666,True,1,caption,0,phobert-base,3,0,42,threads,target_test,3,0
platform/phobert-facebook-source,6,0.3,0,,False,0,caption,1,phobert-base,0,20,42,threads,target_test,20,0
platform/phobert-facebook-source,1,0.09090909090909091,0,,True,1,caption,1,phobert-base,0,11,42,threads,target_test,11,0
platform/phobert-facebook-source,0,,5,0.3333333333333333,True,0,caption,0,phobert-base,15,0,42,threads,target_test,15,1
platform/phobert-facebook-source,3,0.42857142857142855,0,,True,1,caption,1,phobert-base,0,7,42,threads,target_test,7,1
platform/phobert-facebook-source,0,,2,0.5,False,0,caption,0,phobert-base,4,0,42,threads,target_test,4,1
platform/phobert-threads-source,8,0.4444444444444444,0,,False,0,caption,1,phobert-base,0,18,123,threads,source_test,18,1
platform/phobert-threads-source,0,,33,0.19186046511627908,True,0,caption,0,phobert-base,172,0,123,threads,source_test,172,0
platform/phobert-threads-source,0,,18,0.14754098360655737,False,0,caption,0,phobert-base,122,0,123,threads,source_test,122,0
platform/phobert-threads-source,26,0.65,0,,True,0,caption,1,phobert-base,0,40,123,threads,source_test,40,0
platform/phobert-threads-source,16,0.48484848484848486,0,,True,0,caption,1,phobert-base,0,33,123,threads,source_test,33,1
platform/phobert-threads-source,0,,0,0.0,True,1,caption,0,phobert-base,3,0,123,threads,source_test,3,0
platform/phobert-threads-source,17,0.85,0,,False,0,caption,1,phobert-base,0,20,123,threads,source_test,20,0
platform/phobert-threads-source,7,0.6363636363636364,0,,True,1,caption,1,phobert-base,0,11,123,threads,source_test,11,0
platform/phobert-threads-source,0,,6,0.4,True,0,caption,0,phobert-base,15,0,123,threads,source_test,15,1
platform/phobert-threads-source,4,0.5714285714285714,0,,True,1,caption,1,phobert-base,0,7,123,threads,source_test,7,1
platform/phobert-threads-source,0,,2,0.5,False,0,caption,0,phobert-base,4,0,123,threads,source_test,4,1
platform/phobert-threads-source,0,,26,0.38235294117647056,True,0,caption,0,phobert-base,68,0,123,facebook,target_test,68,0
platform/phobert-threads-source,25,0.4807692307692308,0,,True,1,caption,1,phobert-base,0,52,123,facebook,target_test,52,0
platform/phobert-threads-source,0,,4,0.25,False,0,caption,0,phobert-base,16,0,123,facebook,target_test,16,0
platform/phobert-threads-source,3,1.0,0,,True,1,caption,1,phobert-base,0,3,123,facebook,target_test,3,1
platform/phobert-threads-source,30,0.5882352941176471,0,,True,0,caption,1,phobert-base,0,51,123,facebook,target_test,51,0
platform/phobert-threads-source,23,0.46938775510204084,0,,False,0,caption,1,phobert-base,0,49,123,facebook,target_test,49,0
platform/phobert-threads-source,9,0.5294117647058824,0,,False,0,caption,1,phobert-base,0,17,123,facebook,target_test,17,1
platform/phobert-threads-source,7,0.3888888888888889,0,,True,0,caption,1,phobert-base,0,18,123,facebook,target_test,18,1
platform/phobert-threads-source,0,,1,0.14285714285714285,True,1,caption,0,phobert-base,7,0,123,facebook,target_test,7,0
platform/phobert-threads-source,0,,0,0.0,True,0,caption,0,phobert-base,6,0,123,facebook,target_test,6,1
platform/phobert-threads-source,3,1.0,0,,False,1,caption,1,phobert-base,0,3,123,facebook,target_test,3,1
platform/phobert-threads-source,0,,1,1.0,False,0,caption,0,phobert-base,1,0,123,facebook,target_test,1,1
platform/phobert-threads-source,5,0.2777777777777778,0,,False,0,caption,1,phobert-base,0,18,2026,threads,source_test,18,1
platform/phobert-threads-source,0,,50,0.29069767441860467,True,0,caption,0,phobert-base,172,0,2026,threads,source_test,172,0
platform/phobert-threads-source,0,,19,0.1557377049180328,False,0,caption,0,phobert-base,122,0,2026,threads,source_test,122,0
platform/phobert-threads-source,25,0.625,0,,True,0,caption,1,phobert-base,0,40,2026,threads,source_test,40,0
platform/phobert-threads-source,12,0.36363636363636365,0,,True,0,caption,1,phobert-base,0,33,2026,threads,source_test,33,1
platform/phobert-threads-source,0,,0,0.0,True,1,caption,0,phobert-base,3,0,2026,threads,source_test,3,0
platform/phobert-threads-source,12,0.6,0,,False,0,caption,1,phobert-base,0,20,2026,threads,source_test,20,0
platform/phobert-threads-source,6,0.5454545454545454,0,,True,1,caption,1,phobert-base,0,11,2026,threads,source_test,11,0
platform/phobert-threads-source,0,,7,0.4666666666666667,True,0,caption,0,phobert-base,15,0,2026,threads,source_test,15,1
platform/phobert-threads-source,3,0.42857142857142855,0,,True,1,caption,1,phobert-base,0,7,2026,threads,source_test,7,1
platform/phobert-threads-source,0,,2,0.5,False,0,caption,0,phobert-base,4,0,2026,threads,source_test,4,1
platform/phobert-threads-source,0,,27,0.39705882352941174,True,0,caption,0,phobert-base,68,0,2026,facebook,target_test,68,0
platform/phobert-threads-source,21,0.40384615384615385,0,,True,1,caption,1,phobert-base,0,52,2026,facebook,target_test,52,0
platform/phobert-threads-source,0,,7,0.4375,False,0,caption,0,phobert-base,16,0,2026,facebook,target_test,16,0
platform/phobert-threads-source,3,1.0,0,,True,1,caption,1,phobert-base,0,3,2026,facebook,target_test,3,1
platform/phobert-threads-source,26,0.5098039215686274,0,,True,0,caption,1,phobert-base,0,51,2026,facebook,target_test,51,0
platform/phobert-threads-source,20,0.40816326530612246,0,,False,0,caption,1,phobert-base,0,49,2026,facebook,target_test,49,0
platform/phobert-threads-source,10,0.5882352941176471,0,,False,0,caption,1,phobert-base,0,17,2026,facebook,target_test,17,1
platform/phobert-threads-source,6,0.3333333333333333,0,,True,0,caption,1,phobert-base,0,18,2026,facebook,target_test,18,1
platform/phobert-threads-source,0,,1,0.14285714285714285,True,1,caption,0,phobert-base,7,0,2026,facebook,target_test,7,0
platform/phobert-threads-source,0,,1,0.16666666666666666,True,0,caption,0,phobert-base,6,0,2026,facebook,target_test,6,1
platform/phobert-threads-source,2,0.6666666666666666,0,,False,1,caption,1,phobert-base,0,3,2026,facebook,target_test,3,1
platform/phobert-threads-source,0,,1,1.0,False,0,caption,0,phobert-base,1,0,2026,facebook,target_test,1,1
platform/phobert-threads-source,12,0.6666666666666666,0,,False,0,caption,1,phobert-base,0,18,42,threads,source_test,18,1
platform/phobert-threads-source,0,,20,0.11627906976744186,True,0,caption,0,phobert-base,172,0,42,threads,source_test,172,0
platform/phobert-threads-source,0,,9,0.07377049180327869,False,0,caption,0,phobert-base,122,0,42,threads,source_test,122,0
platform/phobert-threads-source,30,0.75,0,,True,0,caption,1,phobert-base,0,40,42,threads,source_test,40,0
platform/phobert-threads-source,22,0.6666666666666666,0,,True,0,caption,1,phobert-base,0,33,42,threads,source_test,33,1
platform/phobert-threads-source,0,,0,0.0,True,1,caption,0,phobert-base,3,0,42,threads,source_test,3,0
platform/phobert-threads-source,18,0.9,0,,False,0,caption,1,phobert-base,0,20,42,threads,source_test,20,0
platform/phobert-threads-source,6,0.5454545454545454,0,,True,1,caption,1,phobert-base,0,11,42,threads,source_test,11,0
platform/phobert-threads-source,0,,6,0.4,True,0,caption,0,phobert-base,15,0,42,threads,source_test,15,1
platform/phobert-threads-source,5,0.7142857142857143,0,,True,1,caption,1,phobert-base,0,7,42,threads,source_test,7,1
platform/phobert-threads-source,0,,1,0.25,False,0,caption,0,phobert-base,4,0,42,threads,source_test,4,1
platform/phobert-threads-source,0,,24,0.35294117647058826,True,0,caption,0,phobert-base,68,0,42,facebook,target_test,68,0
platform/phobert-threads-source,35,0.6730769230769231,0,,True,1,caption,1,phobert-base,0,52,42,facebook,target_test,52,0
platform/phobert-threads-source,0,,5,0.3125,False,0,caption,0,phobert-base,16,0,42,facebook,target_test,16,0
platform/phobert-threads-source,3,1.0,0,,True,1,caption,1,phobert-base,0,3,42,facebook,target_test,3,1
platform/phobert-threads-source,29,0.5686274509803921,0,,True,0,caption,1,phobert-base,0,51,42,facebook,target_test,51,0
platform/phobert-threads-source,28,0.5714285714285714,0,,False,0,caption,1,phobert-base,0,49,42,facebook,target_test,49,0
platform/phobert-threads-source,12,0.7058823529411765,0,,False,0,caption,1,phobert-base,0,17,42,facebook,target_test,17,1
platform/phobert-threads-source,12,0.6666666666666666,0,,True,0,caption,1,phobert-base,0,18,42,facebook,target_test,18,1
platform/phobert-threads-source,0,,2,0.2857142857142857,True,1,caption,0,phobert-base,7,0,42,facebook,target_test,7,0
platform/phobert-threads-source,0,,1,0.16666666666666666,True,0,caption,0,phobert-base,6,0,42,facebook,target_test,6,1
platform/phobert-threads-source,3,1.0,0,,False,1,caption,1,phobert-base,0,3,42,facebook,target_test,3,1
platform/phobert-threads-source,0,,0,0.0,False,0,caption,0,phobert-base,1,0,42,facebook,target_test,1,1
